WARNING: File path check failure for: C:\Users\Avangarde\AppData\Local\Google\Chrome\User Data\Profile 2\Favicons-journal
WARNING: File path check failure for: C:\Users\Avangarde\AppData\Local\Google\Chrome\User Data\Profile 2\PrivateAggregation
WARNING: File path check failure for: C:\Users\Avangarde\AppData\Local\Google\Chrome\User Data\Profile 2\AggregationService
WARNING: File path check failure for: C:\Users\Avangarde\AppData\Local\Google\Chrome\User Data\Profile 2\Conversions
WARNING: File path check failure for: C:\Users\Avangarde\AppData\Local\Google\Chrome\User Data\Profile 2\WebStorage\QuotaManager-journal
WARNING: File path check failure for: C:\Users\Avangarde\AppData\Local\Google\Chrome\User Data\Profile 2\Favicons
WARNING: File path check failure for: C:\Users\Avangarde\AppData\Local\Google\Chrome\User Data\Profile 2\Network\Reporting and NEL-journal
WARNING: File path check failure for: C:\Users\Avangarde\AppData\Local\Google\Chrome\User Data\Profile 2\WebStorage\QuotaManager
WARNING: File path check failure for: C:\Users\Avangarde\AppData\Local\Google\Chrome\User Data\Profile 2\Network\Reporting and NEL
WARNING: File path check failure for: C:\Users\Avangarde\AppData\Local\Google\Chrome\User Data\Profile 2\Local Storage\leveldb\LOG
WARNING: File path check failure for: C:\Users\Avangarde\AppData\Local\Google\Chrome\User Data\Profile 2\Session Storage\LOG
WARNING: File path check failure for: C:\Users\Avangarde\AppData\Local\Google\Chrome\User Data\Profile 2\Local Storage\leveldb\MANIFEST-000001
WARNING: File path check failure for: C:\Users\Avangarde\AppData\Local\Google\Chrome\User Data\Profile 2\Service Worker\Database\000003.log
WARNING: File path check failure for: C:\Users\Avangarde\AppData\Local\Google\Chrome\User Data\Profile 2\File System\Origins\LOG
WARNING: File path check failure for: C:\Users\Avangarde\AppData\Local\Google\Chrome\User Data\Profile 2\Service Worker\Database\LOG
WARNING: File path check failure for: C:\Users\Avangarde\AppData\Local\Google\Chrome\User Data\Profile 2\History-journal
WARNING: File path check failure for: C:\Users\Avangarde\AppData\Local\Google\Chrome\User Data\Profile 2\History
WARNING: File path check failure for: C:\Users\Avangarde\AppData\Local\Google\Chrome\User Data\Profile 2\BrowsingTopicsSiteData-journal
WARNING: File path check failure for: C:\Users\Avangarde\AppData\Local\Google\Chrome\User Data\Profile 2\Site Characteristics Database\LOG
WARNING: File path check failure for: C:\Users\Avangarde\AppData\Local\Google\Chrome\User Data\Profile 2\Site Characteristics Database\LOCK
WARNING: File path check failure for: C:\Users\Avangarde\AppData\Local\Google\Chrome\User Data\Profile 2\Site Characteristics Database\MANIFEST-000001
WARNING: File path check failure for: C:\Users\Avangarde\AppData\Local\Google\Chrome\User Data\Profile 2\Top Sites
WARNING: File path check failure for: C:\Users\Avangarde\AppData\Local\Google\Chrome\User Data\Profile 2\Top Sites-journal
WARNING: File path check failure for: C:\Users\Avangarde\AppData\Local\Google\Chrome\User Data\Profile 2\Site Characteristics Database\000003.log
WARNING: File path check failure for: C:\Users\Avangarde\AppData\Local\Google\Chrome\User Data\Profile 2\BrowsingTopicsSiteData
WARNING: File path check failure for: C:\Users\Avangarde\AppData\Local\Google\Chrome\User Data\Profile 2\Shortcuts-journal
WARNING: File path check failure for: C:\Users\Avangarde\AppData\Local\Google\Chrome\User Data\Profile 2\Shortcuts
WARNING: File path check failure for: C:\Users\Avangarde\AppData\Local\Google\Chrome\User Data\Profile 2\Network Action Predictor-journal
WARNING: File path check failure for: C:\Users\Avangarde\AppData\Local\Google\Chrome\User Data\Profile 2\Network Action Predictor
WARNING: File path check failure for: C:\Users\Avangarde\AppData\Local\Google\Chrome\User Data\Profile 2\CdmStorage.db
WARNING: File path check failure for: C:\Users\Avangarde\AppData\Local\Google\Chrome\User Data\Profile 2\CdmStorage.db-journal
WARNING: File path check failure for: C:\Users\Avangarde\AppData\Local\Packages\5319275A.WhatsAppDesktop_cv1g1gvanyjgm\LocalCache\EBWebView\Default\IndexedDB\https_web.whatsapp.com_0.indexeddb.leveldb\002077.log
WARNING: File path check failure for: C:\Users\Avangarde\.gemini\antigravity\brain\32811d22-ea56-4491-97c9-c2b605c08512\SalDefender\clamav_logs\clamd.log
WARNING: File path check failure for: C:\Users\Avangarde\AppData\Local\Packages\5319275A.WhatsAppDesktop_cv1g1gvanyjgm\LocalCache\EBWebView\Default\WebStorage\QuotaManager-journal
WARNING: File path check failure for: C:\Users\Avangarde\AppData\Local\Packages\5319275A.WhatsAppDesktop_cv1g1gvanyjgm\LocalCache\EBWebView\Default\WebStorage\QuotaManager
WARNING: File path check failure for: C:\Users\Avangarde\AppData\Local\Google\Chrome\User Data\Profile 2\Network\Reporting and NEL-journal
WARNING: File path check failure for: C:\Users\Avangarde\AppData\Local\Google\Chrome\User Data\Profile 2\Local Extension Settings\cfhdojbkjhnklbpkdaibdccddilifddb\MANIFEST-091568
WARNING: File path check failure for: C:\Users\Avangarde\AppData\Local\Google\Chrome\User Data\Profile 2\Favicons-journal
WARNING: File path check failure for: C:\Users\Avangarde\AppData\Local\Google\Chrome\User Data\Profile 2\Favicons
WARNING: File path check failure for: C:\Users\Avangarde\AppData\Local\Google\Chrome\User Data\Profile 2\WebStorage\QuotaManager-journal
WARNING: File path check failure for: C:\Users\Avangarde\AppData\Local\Google\Chrome\User Data\Profile 2\WebStorage\QuotaManager
WARNING: File path check failure for: C:\Users\Avangarde\AppData\Local\Google\Chrome\User Data\Profile 2\Local Storage\leveldb\LOG
WARNING: File path check failure for: C:\Users\Avangarde\AppData\Local\Google\Chrome\User Data\Profile 2\Session Storage\LOG
WARNING: File path check failure for: C:\Users\Avangarde\AppData\Local\Google\Chrome\User Data\Profile 2\File System\Origins\LOG
WARNING: File path check failure for: C:\Users\Avangarde\AppData\Local\Google\Chrome\User Data\Profile 2\Service Worker\Database\LOG
WARNING: File path check failure for: C:\Users\Avangarde\AppData\Local\Google\Chrome\User Data\Profile 2\Site Characteristics Database\LOG
WARNING: File path check failure for: C:\Users\Avangarde\AppData\Local\Packages\5319275A.WhatsAppDesktop_cv1g1gvanyjgm\LocalCache\EBWebView\Default\IndexedDB\https_web.whatsapp.com_0.indexeddb.leveldb\002077.log
WARNING: File path check failure for: C:\Users\Avangarde\AppData\Local\Packages\5319275A.WhatsAppDesktop_cv1g1gvanyjgm\LocalCache\EBWebView\Default\WebStorage\QuotaManager-journal
WARNING: File path check failure for: C:\Users\Avangarde\AppData\Local\Packages\5319275A.WhatsAppDesktop_cv1g1gvanyjgm\LocalCache\EBWebView\Default\WebStorage\QuotaManager
WARNING: File path check failure for: C:\Users\Avangarde\.gemini\antigravity\brain\32811d22-ea56-4491-97c9-c2b605c08512\SalDefender\clamav_logs\clamd.log
WARNING: File path check failure for: C:\Users\Avangarde\AppData\Local\Packages\5319275A.WhatsAppDesktop_cv1g1gvanyjgm\LocalCache\EBWebView\Default\IndexedDB\https_web.whatsapp.com_0.indexeddb.leveldb\002077.log
WARNING: File path check failure for: C:\Users\Avangarde\AppData\Local\Packages\5319275A.WhatsAppDesktop_cv1g1gvanyjgm\LocalCache\EBWebView\Default\IndexedDB\https_web.whatsapp.com_0.indexeddb.leveldb\002077.log
WARNING: File path check failure for: C:\Users\Avangarde\AppData\Local\Packages\5319275A.WhatsAppDesktop_cv1g1gvanyjgm\LocalCache\EBWebView\Default\WebStorage\QuotaManager-journal
WARNING: File path check failure for: C:\Users\Avangarde\AppData\Local\Packages\5319275A.WhatsAppDesktop_cv1g1gvanyjgm\LocalCache\EBWebView\Default\WebStorage\QuotaManager-journal
WARNING: File path check failure for: C:\Users\Avangarde\.gemini\antigravity\brain\32811d22-ea56-4491-97c9-c2b605c08512\SalDefender\clamav_logs\clamd.log
WARNING: File path check failure for: C:\Users\Avangarde\AppData\Local\Packages\5319275A.WhatsAppDesktop_cv1g1gvanyjgm\LocalCache\EBWebView\Default\WebStorage\QuotaManager
WARNING: File path check failure for: C:\Users\Avangarde\AppData\Local\Google\Chrome\User Data\Profile 2\Network\Reporting and NEL-journal
WARNING: File path check failure for: C:\Users\Avangarde\AppData\Local\Google\Chrome\User Data\Profile 2\Network\Reporting and NEL-journal
WARNING: File path check failure for: C:\Users\Avangarde\AppData\Local\Google\Chrome\User Data\Profile 2\Network\Reporting and NEL
WARNING: File path check failure for: C:\Users\Avangarde\.gemini\antigravity\brain\32811d22-ea56-4491-97c9-c2b605c08512\SalDefender\clamav_logs\clamd.log
WARNING: File path check failure for: C:\Users\Avangarde\AppData\Roaming\Pantum\pt2500\pt2500Csm.dat
WARNING: File path check failure for: C:\Users\Avangarde\AppData\Local\Google\Chrome\User Data\Profile 2\WebStorage\QuotaManager-journal
WARNING: File path check failure for: C:\Users\Avangarde\AppData\Local\Google\Chrome\User Data\Profile 2\WebStorage\QuotaManager-journal
WARNING: File path check failure for: C:\Users\Avangarde\AppData\Local\Google\Chrome\User Data\Profile 2\WebStorage\QuotaManager
WARNING: File path check failure for: C:\Users\Avangarde\.gemini\antigravity\brain\32811d22-ea56-4491-97c9-c2b605c08512\SalDefender\clamav_logs\clamd.log
WARNING: File path check failure for: C:\Users\Avangarde\AppData\Local\Packages\5319275A.WhatsAppDesktop_cv1g1gvanyjgm\LocalCache\EBWebView\Default\IndexedDB\https_web.whatsapp.com_0.indexeddb.leveldb\002077.log
WARNING: File path check failure for: C:\Users\Avangarde\AppData\Roaming\Pantum\pt2500\pt2500Csm.dat
WARNING: File path check failure for: C:\Users\Avangarde\.gemini\antigravity\brain\32811d22-ea56-4491-97c9-c2b605c08512\SalDefender\clamav_logs\clamd.log
WARNING: File path check failure for: C:\Users\Avangarde\AppData\Roaming\Pantum\pt2500\pt2500Csm.dat
WARNING: File path check failure for: C:\Users\Avangarde\AppData\Local\Packages\5319275A.WhatsAppDesktop_cv1g1gvanyjgm\LocalCache\EBWebView\Default\WebStorage\QuotaManager-journal
C:\Users\Avangarde\AppData\Local\Packages\5319275A.WhatsAppDesktop_cv1g1gvanyjgm\LocalCache\EBWebView\Default\WebStorage\QuotaManager-journal: Can't allocate memory ERROR
WARNING: File path check failure for: C:\Users\Avangarde\AppData\Local\Packages\5319275A.WhatsAppDesktop_cv1g1gvanyjgm\LocalCache\EBWebView\Default\WebStorage\QuotaManager-journal
WARNING: File path check failure for: C:\Users\Avangarde\.gemini\antigravity\brain\32811d22-ea56-4491-97c9-c2b605c08512\SalDefender\clamav_logs\clamd.log
WARNING: File path check failure for: C:\Users\Avangarde\AppData\Local\Packages\5319275A.WhatsAppDesktop_cv1g1gvanyjgm\LocalCache\EBWebView\Default\WebStorage\QuotaManager
WARNING: File path check failure for: C:\Users\Avangarde\AppData\Roaming\Pantum\pt2500\pt2500Csm.dat
WARNING: File path check failure for: C:\Users\Avangarde\.gemini\antigravity\brain\32811d22-ea56-4491-97c9-c2b605c08512\SalDefender\clamav_logs\clamd.log
WARNING: File path check failure for: C:\Users\Avangarde\AppData\Local\Packages\5319275A.WhatsAppDesktop_cv1g1gvanyjgm\LocalCache\EBWebView\Default\IndexedDB\https_web.whatsapp.com_0.indexeddb.leveldb\002077.log
SelfCheck: Database status OK.
WARNING: File path check failure for: C:\Users\Avangarde\AppData\Roaming\Pantum\pt2500\pt2500Csm.dat
WARNING: File path check failure for: C:\Users\Avangarde\.gemini\antigravity\brain\32811d22-ea56-4491-97c9-c2b605c08512\SalDefender\clamav_logs\clamd.log
WARNING: File path check failure for: C:\Users\Avangarde\AppData\Local\Packages\5319275A.WhatsAppDesktop_cv1g1gvanyjgm\LocalCache\EBWebView\Default\WebStorage\QuotaManager-journal
WARNING: File path check failure for: C:\Users\Avangarde\AppData\Local\Packages\5319275A.WhatsAppDesktop_cv1g1gvanyjgm\LocalCache\EBWebView\Default\WebStorage\QuotaManager-journal
WARNING: File path check failure for: C:\Users\Avangarde\AppData\Local\Packages\5319275A.WhatsAppDesktop_cv1g1gvanyjgm\LocalCache\EBWebView\Default\WebStorage\QuotaManager
WARNING: File path check failure for: C:\Users\Avangarde\AppData\Local\Google\Chrome\User Data\Profile 2\IndexedDB\chrome-extension_cfhdojbkjhnklbpkdaibdccddilifddb_0.indexeddb.leveldb\LOG
WARNING: File path check failure for: C:\Users\Avangarde\AppData\Local\Google\Chrome\User Data\Profile 2\IndexedDB\chrome-extension_cfhdojbkjhnklbpkdaibdccddilifddb_0.indexeddb.leveldb\000440.log
WARNING: File path check failure for: C:\Users\Avangarde\AppData\Local\Google\Chrome\User Data\Profile 2\IndexedDB\chrome-extension_gighmmpiobklfepjocnamgkkbiglidom_0.indexeddb.leveldb\LOG
WARNING: File path check failure for: C:\Users\Avangarde\AppData\Local\Google\Chrome\User Data\Profile 2\IndexedDB\chrome-extension_gighmmpiobklfepjocnamgkkbiglidom_0.indexeddb.leveldb\000087.log
WARNING: File path check failure for: C:\Users\Avangarde\AppData\Local\Google\Chrome\User Data\Profile 2\IndexedDB\chrome-extension_cfhdojbkjhnklbpkdaibdccddilifddb_0.indexeddb.leveldb\LOG
WARNING: File path check failure for: C:\Users\Avangarde\.gemini\antigravity\brain\32811d22-ea56-4491-97c9-c2b605c08512\SalDefender\clamav_logs\clamd.log
WARNING: File path check failure for: C:\Users\Avangarde\AppData\Local\Google\Chrome\User Data\Profile 2\IndexedDB\chrome-extension_gighmmpiobklfepjocnamgkkbiglidom_0.indexeddb.leveldb\LOG
WARNING: File path check failure for: C:\Users\Avangarde\AppData\Local\Packages\5319275A.WhatsAppDesktop_cv1g1gvanyjgm\LocalCache\EBWebView\Default\IndexedDB\https_web.whatsapp.com_0.indexeddb.leveldb\002077.log
WARNING: File path check failure for: C:\Users\Avangarde\.gemini\antigravity\brain\32811d22-ea56-4491-97c9-c2b605c08512\SalDefender\clamav_logs\clamd.log
WARNING: File path check failure for: C:\Users\Avangarde\AppData\Roaming\Pantum\pt2500\pt2500Csm.dat
WARNING: File path check failure for: C:\Users\Avangarde\AppData\Local\Google\Chrome\User Data\Profile 2\Network\Reporting and NEL-journal
WARNING: File path check failure for: C:\Users\Avangarde\AppData\Local\Google\Chrome\User Data\Profile 2\Network\Reporting and NEL
WARNING: File path check failure for: C:\Users\Avangarde\.gemini\antigravity\brain\32811d22-ea56-4491-97c9-c2b605c08512\SalDefender\clamav_logs\clamd.log
WARNING: File path check failure for: C:\Users\Avangarde\AppData\Local\Packages\5319275A.WhatsAppDesktop_cv1g1gvanyjgm\LocalCache\EBWebView\Default\WebStorage\QuotaManager-journal
WARNING: File path check failure for: C:\Users\Avangarde\AppData\Local\Packages\5319275A.WhatsAppDesktop_cv1g1gvanyjgm\LocalCache\EBWebView\Default\WebStorage\QuotaManager-journal
WARNING: File path check failure for: C:\Users\Avangarde\AppData\Local\Packages\5319275A.WhatsAppDesktop_cv1g1gvanyjgm\LocalCache\EBWebView\Default\WebStorage\QuotaManager
WARNING: File path check failure for: C:\Users\Avangarde\AppData\Local\Google\Chrome\User Data\Profile 2\WebStorage\QuotaManager-journal
WARNING: File path check failure for: C:\Users\Avangarde\AppData\Local\Google\Chrome\User Data\Profile 2\WebStorage\QuotaManager
WARNING: File path check failure for: C:\Users\Avangarde\AppData\Local\Packages\5319275A.WhatsAppDesktop_cv1g1gvanyjgm\LocalCache\EBWebView\Default\IndexedDB\https_web.whatsapp.com_0.indexeddb.leveldb\002077.log
WARNING: File path check failure for: C:\Users\Avangarde\.gemini\antigravity\brain\32811d22-ea56-4491-97c9-c2b605c08512\SalDefender\clamav_logs\clamd.log
WARNING: File path check failure for: C:\Users\Avangarde\AppData\Local\Google\Chrome\User Data\Profile 2\Network\Reporting and NEL-journal
WARNING: File path check failure for: C:\Users\Avangarde\AppData\Local\Google\Chrome\User Data\Profile 2\Network\Reporting and NEL-journal
WARNING: File path check failure for: C:\Users\Avangarde\AppData\Local\Google\Chrome\User Data\Profile 2\Network\Reporting and NEL
WARNING: File path check failure for: C:\Users\Avangarde\AppData\Roaming\Pantum\pt2500\pt2500Csm.dat
WARNING: File path check failure for: C:\Users\Avangarde\AppData\Roaming\Pantum\pt2500\pt2500Csm.dat
WARNING: File path check failure for: C:\Users\Avangarde\.gemini\antigravity\brain\32811d22-ea56-4491-97c9-c2b605c08512\SalDefender\clamav_logs\clamd.log
WARNING: File path check failure for: C:\Users\Avangarde\AppData\Roaming\Pantum\pt2500\pt2500Csm.dat
WARNING: File path check failure for: C:\Users\Avangarde\AppData\Local\Packages\5319275A.WhatsAppDesktop_cv1g1gvanyjgm\LocalCache\EBWebView\Default\WebStorage\QuotaManager-journal
WARNING: File path check failure for: C:\Users\Avangarde\AppData\Local\Packages\5319275A.WhatsAppDesktop_cv1g1gvanyjgm\LocalCache\EBWebView\Default\WebStorage\QuotaManager-journal
WARNING: File path check failure for: C:\Users\Avangarde\AppData\Local\Packages\5319275A.WhatsAppDesktop_cv1g1gvanyjgm\LocalCache\EBWebView\Default\WebStorage\QuotaManager
WARNING: File path check failure for: C:\Users\Avangarde\.gemini\antigravity\brain\32811d22-ea56-4491-97c9-c2b605c08512\SalDefender\clamav_logs\clamd.log
WARNING: File path check failure for: C:\Users\Avangarde\AppData\Local\Packages\5319275A.WhatsAppDesktop_cv1g1gvanyjgm\LocalCache\EBWebView\Default\IndexedDB\https_web.whatsapp.com_0.indexeddb.leveldb\002077.log
WARNING: File path check failure for: C:\Users\Avangarde\AppData\Local\Packages\5319275A.WhatsAppDesktop_cv1g1gvanyjgm\LocalCache\EBWebView\Default\WebStorage\QuotaManager-journal
WARNING: File path check failure for: C:\Users\Avangarde\AppData\Local\Packages\5319275A.WhatsAppDesktop_cv1g1gvanyjgm\LocalCache\EBWebView\Default\WebStorage\QuotaManager-journal
WARNING: File path check failure for: C:\Users\Avangarde\AppData\Local\Packages\5319275A.WhatsAppDesktop_cv1g1gvanyjgm\LocalCache\EBWebView\Default\WebStorage\QuotaManager
WARNING: File path check failure for: C:\Users\Avangarde\.gemini\antigravity\brain\32811d22-ea56-4491-97c9-c2b605c08512\SalDefender\clamav_logs\clamd.log
WARNING: File path check failure for: C:\Users\Avangarde\AppData\Local\Google\Chrome\User Data\Profile 2\WebStorage\QuotaManager-journal
WARNING: File path check failure for: C:\Users\Avangarde\AppData\Local\Google\Chrome\User Data\Profile 2\WebStorage\QuotaManager
WARNING: File path check failure for: C:\Users\Avangarde\AppData\Roaming\Pantum\pt2500\pt2500Csm.dat
WARNING: File path check failure for: C:\Users\Avangarde\.gemini\antigravity\brain\32811d22-ea56-4491-97c9-c2b605c08512\SalDefender\clamav_logs\clamd.log
WARNING: File path check failure for: C:\Users\Avangarde\AppData\Local\Packages\5319275A.WhatsAppDesktop_cv1g1gvanyjgm\LocalCache\EBWebView\Default\IndexedDB\https_web.whatsapp.com_0.indexeddb.leveldb\002077.log
WARNING: File path check failure for: C:\Users\Avangarde\AppData\Roaming\Pantum\pt2500\pt2500Csm.dat
WARNING: File path check failure for: C:\Users\Avangarde\.gemini\antigravity\brain\32811d22-ea56-4491-97c9-c2b605c08512\SalDefender\clamav_logs\clamd.log
WARNING: File path check failure for: C:\Users\Avangarde\AppData\Local\Google\Chrome\User Data\Profile 2\Network\Reporting and NEL-journal
WARNING: File path check failure for: C:\Users\Avangarde\AppData\Local\Google\Chrome\User Data\Profile 2\Network\Reporting and NEL
WARNING: File path check failure for: C:\Users\Avangarde\AppData\Roaming\Pantum\pt2500\pt2500Csm.dat
WARNING: File path check failure for: C:\Users\Avangarde\.gemini\antigravity\brain\32811d22-ea56-4491-97c9-c2b605c08512\SalDefender\clamav_logs\clamd.log
WARNING: File path check failure for: C:\Users\Avangarde\AppData\Roaming\Pantum\pt2500\pt2500Csm.dat
WARNING: File path check failure for: C:\Users\Avangarde\AppData\Local\Packages\5319275A.WhatsAppDesktop_cv1g1gvanyjgm\LocalCache\EBWebView\Default\WebStorage\QuotaManager-journal
WARNING: File path check failure for: C:\Users\Avangarde\AppData\Local\Packages\5319275A.WhatsAppDesktop_cv1g1gvanyjgm\LocalCache\EBWebView\Default\WebStorage\QuotaManager-journal
WARNING: File path check failure for: C:\Users\Avangarde\AppData\Local\Packages\5319275A.WhatsAppDesktop_cv1g1gvanyjgm\LocalCache\EBWebView\Default\WebStorage\QuotaManager
WARNING: File path check failure for: C:\Users\Avangarde\.gemini\antigravity\brain\32811d22-ea56-4491-97c9-c2b605c08512\SalDefender\clamav_logs\clamd.log
WARNING: File path check failure for: C:\Users\Avangarde\AppData\Roaming\Pantum\pt2500\pt2500Csm.dat
WARNING: File path check failure for: C:\Users\Avangarde\AppData\Roaming\Pantum\pt2500\pt2500Csm.dat
WARNING: File path check failure for: C:\Users\Avangarde\.gemini\antigravity\brain\32811d22-ea56-4491-97c9-c2b605c08512\SalDefender\clamav_logs\clamd.log
WARNING: File path check failure for: C:\Users\Avangarde\AppData\Roaming\Pantum\pt2500\pt2500Csm.dat
WARNING: File path check failure for: C:\Users\Avangarde\AppData\Local\Packages\5319275A.WhatsAppDesktop_cv1g1gvanyjgm\LocalCache\EBWebView\Default\IndexedDB\https_web.whatsapp.com_0.indexeddb.leveldb\002077.log
WARNING: File path check failure for: C:\Users\Avangarde\.gemini\antigravity\brain\32811d22-ea56-4491-97c9-c2b605c08512\SalDefender\clamav_logs\clamd.log
WARNING: File path check failure for: C:\Users\Avangarde\AppData\Local\Google\Chrome\User Data\Profile 2\Network\Reporting and NEL-journal
WARNING: File path check failure for: C:\Users\Avangarde\AppData\Local\Google\Chrome\User Data\Profile 2\Network\Reporting and NEL-journal
WARNING: File path check failure for: C:\Users\Avangarde\AppData\Local\Google\Chrome\User Data\Profile 2\Network\Reporting and NEL
WARNING: File path check failure for: C:\Users\Avangarde\AppData\Roaming\Pantum\pt2500\pt2500Csm.dat
WARNING: File path check failure for: C:\Users\Avangarde\.gemini\antigravity\brain\32811d22-ea56-4491-97c9-c2b605c08512\SalDefender\clamav_logs\clamd.log
WARNING: File path check failure for: C:\Users\Avangarde\AppData\Local\Packages\5319275A.WhatsAppDesktop_cv1g1gvanyjgm\LocalCache\EBWebView\Default\WebStorage\QuotaManager-journal
WARNING: File path check failure for: C:\Users\Avangarde\AppData\Local\Packages\5319275A.WhatsAppDesktop_cv1g1gvanyjgm\LocalCache\EBWebView\Default\WebStorage\QuotaManager-journal
WARNING: File path check failure for: C:\Users\Avangarde\AppData\Local\Packages\5319275A.WhatsAppDesktop_cv1g1gvanyjgm\LocalCache\EBWebView\Default\WebStorage\QuotaManager
WARNING: File path check failure for: C:\Users\Avangarde\AppData\Roaming\Pantum\pt2500\pt2500Csm.dat
WARNING: File path check failure for: C:\Users\Avangarde\.gemini\antigravity\brain\32811d22-ea56-4491-97c9-c2b605c08512\SalDefender\clamav_logs\clamd.log
WARNING: File path check failure for: C:\Users\Avangarde\AppData\Local\Packages\5319275A.WhatsAppDesktop_cv1g1gvanyjgm\LocalCache\EBWebView\Default\IndexedDB\https_web.whatsapp.com_0.indexeddb.leveldb\002077.log
WARNING: File path check failure for: C:\Users\Avangarde\AppData\Local\Google\Chrome\User Data\Profile 2\Network\Reporting and NEL-journal
WARNING: File path check failure for: C:\Users\Avangarde\AppData\Local\Google\Chrome\User Data\Profile 2\Network\Reporting and NEL
WARNING: File path check failure for: C:\Users\Avangarde\AppData\Local\Packages\5319275A.WhatsAppDesktop_cv1g1gvanyjgm\LocalCache\EBWebView\Default\WebStorage\QuotaManager-journal
WARNING: File path check failure for: C:\Users\Avangarde\AppData\Local\Packages\5319275A.WhatsAppDesktop_cv1g1gvanyjgm\LocalCache\EBWebView\Default\WebStorage\QuotaManager
WARNING: File path check failure for: C:\Users\Avangarde\AppData\Local\Packages\5319275A.WhatsAppDesktop_cv1g1gvanyjgm\LocalCache\EBWebView\Default\IndexedDB\https_web.whatsapp.com_0.indexeddb.leveldb\002077.log
WARNING: File path check failure for: C:\Users\Avangarde\AppData\Roaming\Pantum\pt2500\pt2500Csm.dat
WARNING: File path check failure for: C:\Users\Avangarde\.gemini\antigravity\brain\32811d22-ea56-4491-97c9-c2b605c08512\SalDefender\clamav_logs\clamd.log
WARNING: File path check failure for: C:\Users\Avangarde\AppData\Roaming\Pantum\pt2500\pt2500Csm.dat
WARNING: File path check failure for: C:\Users\Avangarde\AppData\Roaming\Pantum\pt2500\pt2500Csm.dat
WARNING: File path check failure for: C:\Users\Avangarde\.gemini\antigravity\brain\32811d22-ea56-4491-97c9-c2b605c08512\SalDefender\clamav_logs\clamd.log
WARNING: File path check failure for: C:\Users\Avangarde\AppData\Roaming\Pantum\pt2500\pt2500Csm.dat
WARNING: File path check failure for: C:\Users\Avangarde\AppData\Roaming\Pantum\pt2500\pt2500Csm.dat
WARNING: File path check failure for: C:\Users\Avangarde\.gemini\antigravity\brain\32811d22-ea56-4491-97c9-c2b605c08512\SalDefender\clamav_logs\clamd.log
WARNING: File path check failure for: C:\Users\Avangarde\AppData\Local\Packages\5319275A.WhatsAppDesktop_cv1g1gvanyjgm\LocalCache\EBWebView\Default\IndexedDB\https_web.whatsapp.com_0.indexeddb.leveldb\002077.log
WARNING: File path check failure for: C:\Users\Avangarde\AppData\Local\Packages\5319275A.WhatsAppDesktop_cv1g1gvanyjgm\LocalCache\EBWebView\Default\WebStorage\QuotaManager-journal
C:\Users\Avangarde\AppData\Local\Packages\5319275A.WhatsAppDesktop_cv1g1gvanyjgm\LocalCache\EBWebView\Default\WebStorage\QuotaManager-journal: Can't allocate memory ERROR
WARNING: File path check failure for: C:\Users\Avangarde\AppData\Local\Packages\5319275A.WhatsAppDesktop_cv1g1gvanyjgm\LocalCache\EBWebView\Default\WebStorage\QuotaManager-journal
WARNING: File path check failure for: C:\Users\Avangarde\.gemini\antigravity\brain\32811d22-ea56-4491-97c9-c2b605c08512\SalDefender\clamav_logs\clamd.log
WARNING: File path check failure for: C:\Users\Avangarde\AppData\Local\Packages\5319275A.WhatsAppDesktop_cv1g1gvanyjgm\LocalCache\EBWebView\Default\WebStorage\QuotaManager
WARNING: File path check failure for: C:\Users\Avangarde\AppData\Local\Google\Chrome\User Data\Profile 2\Network\Reporting and NEL-journal
WARNING: File path check failure for: C:\Users\Avangarde\AppData\Local\Google\Chrome\User Data\Profile 2\Network\Reporting and NEL-journal
WARNING: File path check failure for: C:\Users\Avangarde\AppData\Local\Google\Chrome\User Data\Profile 2\Network\Reporting and NEL
WARNING: File path check failure for: C:\Users\Avangarde\.gemini\antigravity\brain\32811d22-ea56-4491-97c9-c2b605c08512\SalDefender\clamav_logs\clamd.log
WARNING: File path check failure for: C:\Users\Avangarde\AppData\Local\Packages\5319275A.WhatsAppDesktop_cv1g1gvanyjgm\LocalCache\EBWebView\Default\IndexedDB\https_web.whatsapp.com_0.indexeddb.leveldb\002077.log
WARNING: File path check failure for: C:\Users\Avangarde\AppData\Roaming\Pantum\pt2500\pt2500Csm.dat
WARNING: File path check failure for: C:\Users\Avangarde\AppData\Local\Packages\5319275A.WhatsAppDesktop_cv1g1gvanyjgm\LocalCache\EBWebView\Default\WebStorage\QuotaManager-journal
WARNING: File path check failure for: C:\Users\Avangarde\AppData\Local\Packages\5319275A.WhatsAppDesktop_cv1g1gvanyjgm\LocalCache\EBWebView\Default\WebStorage\QuotaManager-journal
WARNING: File path check failure for: C:\Users\Avangarde\AppData\Local\Packages\5319275A.WhatsAppDesktop_cv1g1gvanyjgm\LocalCache\EBWebView\Default\WebStorage\QuotaManager
WARNING: File path check failure for: C:\Users\Avangarde\.gemini\antigravity\brain\32811d22-ea56-4491-97c9-c2b605c08512\SalDefender\clamav_logs\clamd.log
WARNING: File path check failure for: C:\Users\Avangarde\AppData\Local\Google\Chrome\User Data\Profile 2\Network\Reporting and NEL-journal
WARNING: File path check failure for: C:\Users\Avangarde\AppData\Local\Google\Chrome\User Data\Profile 2\Network\Reporting and NEL
WARNING: File path check failure for: C:\Users\Avangarde\AppData\Roaming\Pantum\pt2500\pt2500Csm.dat
WARNING: File path check failure for: C:\Users\Avangarde\.gemini\antigravity\brain\32811d22-ea56-4491-97c9-c2b605c08512\SalDefender\clamav_logs\clamd.log
WARNING: File path check failure for: C:\Users\Avangarde\AppData\Local\Google\Chrome\User Data\Profile 2\WebStorage\QuotaManager-journal
WARNING: File path check failure for: C:\Users\Avangarde\AppData\Local\Google\Chrome\User Data\Profile 2\WebStorage\QuotaManager-journal
WARNING: File path check failure for: C:\Users\Avangarde\AppData\Local\Google\Chrome\User Data\Profile 2\WebStorage\QuotaManager
WARNING: File path check failure for: C:\Users\Avangarde\AppData\Roaming\Pantum\pt2500\pt2500Csm.dat
WARNING: File path check failure for: C:\Users\Avangarde\.gemini\antigravity\brain\32811d22-ea56-4491-97c9-c2b605c08512\SalDefender\clamav_logs\clamd.log
WARNING: File path check failure for: C:\Users\Avangarde\AppData\Local\Packages\5319275A.WhatsAppDesktop_cv1g1gvanyjgm\LocalCache\EBWebView\Default\IndexedDB\https_web.whatsapp.com_0.indexeddb.leveldb\002077.log
WARNING: File path check failure for: C:\Users\Avangarde\AppData\Local\Packages\5319275A.WhatsAppDesktop_cv1g1gvanyjgm\LocalCache\EBWebView\Default\WebStorage\QuotaManager-journal
WARNING: File path check failure for: C:\Users\Avangarde\AppData\Local\Packages\5319275A.WhatsAppDesktop_cv1g1gvanyjgm\LocalCache\EBWebView\Default\WebStorage\QuotaManager-journal
WARNING: File path check failure for: C:\Users\Avangarde\AppData\Local\Packages\5319275A.WhatsAppDesktop_cv1g1gvanyjgm\LocalCache\EBWebView\Default\WebStorage\QuotaManager
WARNING: File path check failure for: C:\Users\Avangarde\.gemini\antigravity\brain\32811d22-ea56-4491-97c9-c2b605c08512\SalDefender\clamav_logs\clamd.log
WARNING: File path check failure for: C:\Users\Avangarde\.gemini\antigravity\brain\32811d22-ea56-4491-97c9-c2b605c08512\SalDefender\clamav_logs\clamd.log
WARNING: File path check failure for: C:\Users\Avangarde\AppData\Local\Google\Chrome\User Data\Profile 2\Network\Reporting and NEL-journal
WARNING: File path check failure for: C:\Users\Avangarde\AppData\Local\Google\Chrome\User Data\Profile 2\Network\Reporting and NEL-journal
WARNING: File path check failure for: C:\Users\Avangarde\AppData\Local\Google\Chrome\User Data\Profile 2\Network\Reporting and NEL
WARNING: File path check failure for: C:\Users\Avangarde\.gemini\antigravity\brain\32811d22-ea56-4491-97c9-c2b605c08512\SalDefender\clamav_logs\clamd.log
WARNING: File path check failure for: C:\Users\Avangarde\AppData\Roaming\Pantum\pt2500\pt2500Csm.dat
WARNING: File path check failure for: C:\Users\Avangarde\AppData\Roaming\Pantum\pt2500\pt2500Csm.dat
WARNING: File path check failure for: C:\Users\Avangarde\.gemini\antigravity\brain\32811d22-ea56-4491-97c9-c2b605c08512\SalDefender\clamav_logs\clamd.log
WARNING: File path check failure for: C:\Users\Avangarde\AppData\Local\Packages\5319275A.WhatsAppDesktop_cv1g1gvanyjgm\LocalCache\EBWebView\Default\IndexedDB\https_web.whatsapp.com_0.indexeddb.leveldb\002077.log
WARNING: File path check failure for: C:\Users\Avangarde\AppData\Roaming\Pantum\pt2500\pt2500Csm.dat
WARNING: File path check failure for: C:\Users\Avangarde\AppData\Local\Packages\5319275A.WhatsAppDesktop_cv1g1gvanyjgm\LocalCache\EBWebView\Default\WebStorage\QuotaManager-journal
WARNING: File path check failure for: C:\Users\Avangarde\AppData\Local\Packages\5319275A.WhatsAppDesktop_cv1g1gvanyjgm\LocalCache\EBWebView\Default\WebStorage\QuotaManager
WARNING: File path check failure for: C:\Users\Avangarde\AppData\Local\Google\Chrome\User Data\Profile 2\Network\Reporting and NEL-journal
WARNING: File path check failure for: C:\Users\Avangarde\AppData\Local\Google\Chrome\User Data\Profile 2\Network\Reporting and NEL
WARNING: File path check failure for: C:\Users\Avangarde\.gemini\antigravity\brain\32811d22-ea56-4491-97c9-c2b605c08512\SalDefender\clamav_logs\clamd.log
WARNING: File path check failure for: C:\Users\Avangarde\AppData\Roaming\Pantum\pt2500\pt2500Csm.dat
WARNING: File path check failure for: C:\Users\Avangarde\AppData\Roaming\Pantum\pt2500\pt2500Csm.dat
WARNING: File path check failure for: C:\Users\Avangarde\.gemini\antigravity\brain\32811d22-ea56-4491-97c9-c2b605c08512\SalDefender\clamav_logs\clamd.log
WARNING: File path check failure for: C:\Users\Avangarde\AppData\Roaming\Pantum\pt2500\pt2500Csm.dat
WARNING: File path check failure for: C:\Users\Avangarde\AppData\Local\Packages\5319275A.WhatsAppDesktop_cv1g1gvanyjgm\LocalCache\EBWebView\Default\IndexedDB\https_web.whatsapp.com_0.indexeddb.leveldb\002077.log
WARNING: File path check failure for: C:\Users\Avangarde\.gemini\antigravity\brain\32811d22-ea56-4491-97c9-c2b605c08512\SalDefender\clamav_logs\clamd.log
WARNING: File path check failure for: C:\Users\Avangarde\AppData\Local\Packages\5319275A.WhatsAppDesktop_cv1g1gvanyjgm\LocalCache\EBWebView\Default\WebStorage\QuotaManager-journal
WARNING: File path check failure for: C:\Users\Avangarde\AppData\Local\Packages\5319275A.WhatsAppDesktop_cv1g1gvanyjgm\LocalCache\EBWebView\Default\WebStorage\QuotaManager-journal
WARNING: File path check failure for: C:\Users\Avangarde\AppData\Local\Packages\5319275A.WhatsAppDesktop_cv1g1gvanyjgm\LocalCache\EBWebView\Default\WebStorage\QuotaManager
WARNING: File path check failure for: C:\Users\Avangarde\AppData\Local\Google\Chrome\User Data\Profile 2\Network\Reporting and NEL-journal
WARNING: File path check failure for: C:\Users\Avangarde\AppData\Local\Google\Chrome\User Data\Profile 2\Network\Reporting and NEL-journal
WARNING: File path check failure for: C:\Users\Avangarde\AppData\Local\Google\Chrome\User Data\Profile 2\Network\Reporting and NEL
WARNING: File path check failure for: C:\Users\Avangarde\.gemini\antigravity\brain\32811d22-ea56-4491-97c9-c2b605c08512\SalDefender\clamav_logs\clamd.log
WARNING: File path check failure for: C:\Users\Avangarde\AppData\Roaming\Pantum\pt2500\pt2500Csm.dat
WARNING: File path check failure for: C:\Users\Avangarde\AppData\Roaming\Pantum\pt2500\pt2500Csm.dat
WARNING: File path check failure for: C:\Users\Avangarde\.gemini\antigravity\brain\32811d22-ea56-4491-97c9-c2b605c08512\SalDefender\clamav_logs\clamd.log
WARNING: File path check failure for: C:\Users\Avangarde\AppData\Local\Packages\5319275A.WhatsAppDesktop_cv1g1gvanyjgm\LocalCache\EBWebView\Default\IndexedDB\https_web.whatsapp.com_0.indexeddb.leveldb\002077.log
WARNING: File path check failure for: C:\Users\Avangarde\AppData\Roaming\Pantum\pt2500\pt2500Csm.dat
WARNING: File path check failure for: C:\Users\Avangarde\.gemini\antigravity\brain\32811d22-ea56-4491-97c9-c2b605c08512\SalDefender\clamav_logs\clamd.log
WARNING: File path check failure for: C:\Users\Avangarde\AppData\Local\Packages\5319275A.WhatsAppDesktop_cv1g1gvanyjgm\LocalCache\EBWebView\Default\WebStorage\QuotaManager-journal
WARNING: File path check failure for: C:\Users\Avangarde\AppData\Local\Packages\5319275A.WhatsAppDesktop_cv1g1gvanyjgm\LocalCache\EBWebView\Default\WebStorage\QuotaManager-journal
WARNING: File path check failure for: C:\Users\Avangarde\AppData\Local\Packages\5319275A.WhatsAppDesktop_cv1g1gvanyjgm\LocalCache\EBWebView\Default\WebStorage\QuotaManager
WARNING: File path check failure for: C:\Users\Avangarde\AppData\Roaming\Pantum\pt2500\pt2500Csm.dat
WARNING: File path check failure for: C:\Users\Avangarde\.gemini\antigravity\brain\32811d22-ea56-4491-97c9-c2b605c08512\SalDefender\clamav_logs\clamd.log
WARNING: File path check failure for: C:\Users\Avangarde\AppData\Local\Google\Chrome\User Data\Profile 2\Network\Reporting and NEL-journal
WARNING: File path check failure for: C:\Users\Avangarde\AppData\Local\Google\Chrome\User Data\Profile 2\Network\Reporting and NEL
WARNING: File path check failure for: C:\Users\Avangarde\AppData\Local\Packages\5319275A.WhatsAppDesktop_cv1g1gvanyjgm\LocalCache\EBWebView\Default\IndexedDB\https_web.whatsapp.com_0.indexeddb.leveldb\002077.log
WARNING: File path check failure for: C:\Users\Avangarde\.gemini\antigravity\brain\32811d22-ea56-4491-97c9-c2b605c08512\SalDefender\clamav_logs\clamd.log
WARNING: File path check failure for: C:\Users\Avangarde\AppData\Roaming\Pantum\pt2500\pt2500Csm.dat
WARNING: File path check failure for: C:\Users\Avangarde\AppData\Local\Packages\5319275A.WhatsAppDesktop_cv1g1gvanyjgm\LocalCache\EBWebView\Default\WebStorage\QuotaManager-journal
WARNING: File path check failure for: C:\Users\Avangarde\AppData\Local\Packages\5319275A.WhatsAppDesktop_cv1g1gvanyjgm\LocalCache\EBWebView\Default\WebStorage\QuotaManager-journal
WARNING: File path check failure for: C:\Users\Avangarde\.gemini\antigravity\brain\32811d22-ea56-4491-97c9-c2b605c08512\SalDefender\clamav_logs\clamd.log
WARNING: File path check failure for: C:\Users\Avangarde\AppData\Local\Packages\5319275A.WhatsAppDesktop_cv1g1gvanyjgm\LocalCache\EBWebView\Default\WebStorage\QuotaManager
WARNING: File path check failure for: C:\Users\Avangarde\AppData\Local\Google\Chrome\User Data\Profile 2\Network\Reporting and NEL-journal
WARNING: File path check failure for: C:\Users\Avangarde\AppData\Local\Google\Chrome\User Data\Profile 2\Network\Reporting and NEL-journal
WARNING: File path check failure for: C:\Users\Avangarde\AppData\Local\Google\Chrome\User Data\Profile 2\Network\Reporting and NEL
WARNING: File path check failure for: C:\Users\Avangarde\.gemini\antigravity\brain\32811d22-ea56-4491-97c9-c2b605c08512\SalDefender\clamav_logs\clamd.log
WARNING: File path check failure for: C:\Users\Avangarde\AppData\Local\Packages\5319275A.WhatsAppDesktop_cv1g1gvanyjgm\LocalCache\EBWebView\Default\IndexedDB\https_web.whatsapp.com_0.indexeddb.leveldb\002077.log
WARNING: File path check failure for: C:\Users\Avangarde\AppData\Roaming\Pantum\pt2500\pt2500Csm.dat
WARNING: File path check failure for: C:\Users\Avangarde\.gemini\antigravity\brain\32811d22-ea56-4491-97c9-c2b605c08512\SalDefender\clamav_logs\clamd.log
WARNING: File path check failure for: C:\Users\Avangarde\AppData\Local\Packages\5319275A.WhatsAppDesktop_cv1g1gvanyjgm\LocalCache\EBWebView\Default\WebStorage\QuotaManager-journal
WARNING: File path check failure for: C:\Users\Avangarde\AppData\Local\Packages\5319275A.WhatsAppDesktop_cv1g1gvanyjgm\LocalCache\EBWebView\Default\WebStorage\QuotaManager-journal
WARNING: File path check failure for: C:\Users\Avangarde\AppData\Local\Packages\5319275A.WhatsAppDesktop_cv1g1gvanyjgm\LocalCache\EBWebView\Default\WebStorage\QuotaManager
WARNING: File path check failure for: C:\Users\Avangarde\.gemini\antigravity\brain\32811d22-ea56-4491-97c9-c2b605c08512\SalDefender\clamav_logs\clamd.log
WARNING: File path check failure for: C:\Users\Avangarde\AppData\Local\Google\Chrome\User Data\Profile 2\Network\Reporting and NEL-journal
WARNING: File path check failure for: C:\Users\Avangarde\AppData\Local\Google\Chrome\User Data\Profile 2\Network\Reporting and NEL
WARNING: File path check failure for: C:\Users\Avangarde\AppData\Local\Packages\5319275A.WhatsAppDesktop_cv1g1gvanyjgm\LocalCache\EBWebView\Default\IndexedDB\https_web.whatsapp.com_0.indexeddb.leveldb\002077.log
WARNING: File path check failure for: C:\Users\Avangarde\.gemini\antigravity\brain\32811d22-ea56-4491-97c9-c2b605c08512\SalDefender\clamav_logs\clamd.log
WARNING: File path check failure for: C:\Users\Avangarde\AppData\Local\Packages\5319275A.WhatsAppDesktop_cv1g1gvanyjgm\LocalCache\EBWebView\Default\WebStorage\QuotaManager-journal
WARNING: File path check failure for: C:\Users\Avangarde\AppData\Local\Packages\5319275A.WhatsAppDesktop_cv1g1gvanyjgm\LocalCache\EBWebView\Default\WebStorage\QuotaManager-journal
WARNING: File path check failure for: C:\Users\Avangarde\AppData\Local\Packages\5319275A.WhatsAppDesktop_cv1g1gvanyjgm\LocalCache\EBWebView\Default\WebStorage\QuotaManager
WARNING: File path check failure for: C:\Users\Avangarde\.gemini\antigravity\brain\32811d22-ea56-4491-97c9-c2b605c08512\SalDefender\clamav_logs\clamd.log
WARNING: File path check failure for: C:\Users\Avangarde\AppData\Roaming\Pantum\pt2500\pt2500Csm.dat
WARNING: File path check failure for: C:\Users\Avangarde\AppData\Local\Google\Chrome\User Data\Profile 2\Network\Reporting and NEL-journal
WARNING: File path check failure for: C:\Users\Avangarde\AppData\Local\Google\Chrome\User Data\Profile 2\Network\Reporting and NEL-journal
WARNING: File path check failure for: C:\Users\Avangarde\AppData\Local\Google\Chrome\User Data\Profile 2\Network\Reporting and NEL
WARNING: File path check failure for: C:\Users\Avangarde\.gemini\antigravity\brain\32811d22-ea56-4491-97c9-c2b605c08512\SalDefender\clamav_logs\clamd.log
WARNING: File path check failure for: C:\Users\Avangarde\AppData\Roaming\Pantum\pt2500\pt2500Csm.dat
WARNING: File path check failure for: C:\Users\Avangarde\AppData\Roaming\Pantum\pt2500\pt2500Csm.dat
WARNING: File path check failure for: C:\Users\Avangarde\.gemini\antigravity\brain\32811d22-ea56-4491-97c9-c2b605c08512\SalDefender\clamav_logs\clamd.log
WARNING: File path check failure for: C:\Users\Avangarde\AppData\Local\Packages\5319275A.WhatsAppDesktop_cv1g1gvanyjgm\LocalCache\EBWebView\Default\IndexedDB\https_web.whatsapp.com_0.indexeddb.leveldb\002077.log
WARNING: File path check failure for: C:\Users\Avangarde\AppData\Local\Packages\5319275A.WhatsAppDesktop_cv1g1gvanyjgm\LocalCache\EBWebView\Default\WebStorage\QuotaManager-journal
WARNING: File path check failure for: C:\Users\Avangarde\AppData\Local\Packages\5319275A.WhatsAppDesktop_cv1g1gvanyjgm\LocalCache\EBWebView\Default\WebStorage\QuotaManager-journal
WARNING: File path check failure for: C:\Users\Avangarde\.gemini\antigravity\brain\32811d22-ea56-4491-97c9-c2b605c08512\SalDefender\clamav_logs\clamd.log
WARNING: File path check failure for: C:\Users\Avangarde\AppData\Local\Packages\5319275A.WhatsAppDesktop_cv1g1gvanyjgm\LocalCache\EBWebView\Default\WebStorage\QuotaManager
WARNING: File path check failure for: C:\Users\Avangarde\AppData\Roaming\Pantum\pt2500\pt2500Csm.dat
WARNING: File path check failure for: C:\Users\Avangarde\.gemini\antigravity\brain\32811d22-ea56-4491-97c9-c2b605c08512\SalDefender\clamav_logs\clamd.log
WARNING: File path check failure for: C:\Users\Avangarde\AppData\Local\Google\Chrome\User Data\Profile 2\Network\Reporting and NEL-journal
WARNING: File path check failure for: C:\Users\Avangarde\AppData\Local\Google\Chrome\User Data\Profile 2\Network\Reporting and NEL
WARNING: File path check failure for: C:\Users\Avangarde\AppData\Local\Packages\5319275A.WhatsAppDesktop_cv1g1gvanyjgm\LocalCache\EBWebView\Default\IndexedDB\https_web.whatsapp.com_0.indexeddb.leveldb\002077.log
WARNING: File path check failure for: C:\Users\Avangarde\AppData\Roaming\Pantum\pt2500\pt2500Csm.dat
WARNING: File path check failure for: C:\Users\Avangarde\.gemini\antigravity\brain\32811d22-ea56-4491-97c9-c2b605c08512\SalDefender\clamav_logs\clamd.log
WARNING: File path check failure for: C:\Users\Avangarde\AppData\Local\Packages\5319275A.WhatsAppDesktop_cv1g1gvanyjgm\LocalCache\EBWebView\Default\WebStorage\QuotaManager-journal
WARNING: File path check failure for: C:\Users\Avangarde\AppData\Local\Packages\5319275A.WhatsAppDesktop_cv1g1gvanyjgm\LocalCache\EBWebView\Default\WebStorage\QuotaManager-journal
WARNING: File path check failure for: C:\Users\Avangarde\AppData\Local\Packages\5319275A.WhatsAppDesktop_cv1g1gvanyjgm\LocalCache\EBWebView\Default\WebStorage\QuotaManager
WARNING: File path check failure for: C:\Users\Avangarde\AppData\Roaming\Pantum\pt2500\pt2500Csm.dat
WARNING: File path check failure for: C:\Users\Avangarde\.gemini\antigravity\brain\32811d22-ea56-4491-97c9-c2b605c08512\SalDefender\clamav_logs\clamd.log
WARNING: File path check failure for: C:\Users\Avangarde\AppData\Local\Google\Chrome\User Data\Profile 2\Network\Reporting and NEL-journal
WARNING: File path check failure for: C:\Users\Avangarde\AppData\Local\Google\Chrome\User Data\Profile 2\Network\Reporting and NEL-journal
WARNING: File path check failure for: C:\Users\Avangarde\AppData\Local\Google\Chrome\User Data\Profile 2\Network\Reporting and NEL
WARNING: File path check failure for: C:\Users\Avangarde\AppData\Roaming\Pantum\pt2500\pt2500Csm.dat
WARNING: File path check failure for: C:\Users\Avangarde\.gemini\antigravity\brain\32811d22-ea56-4491-97c9-c2b605c08512\SalDefender\clamav_logs\clamd.log
WARNING: File path check failure for: C:\Users\Avangarde\AppData\Local\Packages\5319275A.WhatsAppDesktop_cv1g1gvanyjgm\LocalCache\EBWebView\Default\IndexedDB\https_web.whatsapp.com_0.indexeddb.leveldb\002077.log
WARNING: File path check failure for: C:\Users\Avangarde\AppData\Roaming\Pantum\pt2500\pt2500Csm.dat
WARNING: File path check failure for: C:\Users\Avangarde\AppData\Roaming\Pantum\pt2500\pt2500Csm.dat
WARNING: File path check failure for: C:\Users\Avangarde\.gemini\antigravity\brain\32811d22-ea56-4491-97c9-c2b605c08512\SalDefender\clamav_logs\clamd.log
WARNING: File path check failure for: C:\Users\Avangarde\.gemini\antigravity\brain\32811d22-ea56-4491-97c9-c2b605c08512\SalDefender\clamav_logs\clamd.log
WARNING: File path check failure for: C:\Users\Avangarde\AppData\Local\Packages\5319275A.WhatsAppDesktop_cv1g1gvanyjgm\LocalCache\EBWebView\Default\WebStorage\QuotaManager-journal
WARNING: File path check failure for: C:\Users\Avangarde\AppData\Local\Packages\5319275A.WhatsAppDesktop_cv1g1gvanyjgm\LocalCache\EBWebView\Default\WebStorage\QuotaManager-journal
WARNING: File path check failure for: C:\Users\Avangarde\AppData\Local\Packages\5319275A.WhatsAppDesktop_cv1g1gvanyjgm\LocalCache\EBWebView\Default\WebStorage\QuotaManager
WARNING: File path check failure for: C:\Users\Avangarde\AppData\Local\Google\Chrome\User Data\Profile 2\Network\Reporting and NEL-journal
WARNING: File path check failure for: C:\Users\Avangarde\AppData\Local\Google\Chrome\User Data\Profile 2\Network\Reporting and NEL
WARNING: File path check failure for: C:\Users\Avangarde\AppData\Local\Packages\5319275A.WhatsAppDesktop_cv1g1gvanyjgm\LocalCache\EBWebView\Default\IndexedDB\https_web.whatsapp.com_0.indexeddb.leveldb\002077.log
WARNING: File path check failure for: C:\Users\Avangarde\.gemini\antigravity\brain\32811d22-ea56-4491-97c9-c2b605c08512\SalDefender\clamav_logs\clamd.log
WARNING: File path check failure for: C:\Users\Avangarde\AppData\Local\Packages\5319275A.WhatsAppDesktop_cv1g1gvanyjgm\LocalCache\EBWebView\Default\IndexedDB\https_web.whatsapp.com_0.indexeddb.leveldb\002077.log
WARNING: File path check failure for: C:\Users\Avangarde\AppData\Roaming\Pantum\pt2500\pt2500Csm.dat
WARNING: File path check failure for: C:\Users\Avangarde\.gemini\antigravity\brain\32811d22-ea56-4491-97c9-c2b605c08512\SalDefender\clamav_logs\clamd.log
WARNING: File path check failure for: C:\Users\Avangarde\AppData\Local\Packages\5319275A.WhatsAppDesktop_cv1g1gvanyjgm\LocalCache\EBWebView\Default\WebStorage\QuotaManager-journal
WARNING: File path check failure for: C:\Users\Avangarde\AppData\Local\Packages\5319275A.WhatsAppDesktop_cv1g1gvanyjgm\LocalCache\EBWebView\Default\WebStorage\QuotaManager-journal
WARNING: File path check failure for: C:\Users\Avangarde\AppData\Local\Packages\5319275A.WhatsAppDesktop_cv1g1gvanyjgm\LocalCache\EBWebView\Default\WebStorage\QuotaManager
WARNING: File path check failure for: C:\Users\Avangarde\AppData\Roaming\Pantum\pt2500\pt2500Csm.dat
WARNING: File path check failure for: C:\Users\Avangarde\.gemini\antigravity\brain\32811d22-ea56-4491-97c9-c2b605c08512\SalDefender\clamav_logs\clamd.log
WARNING: File path check failure for: C:\Users\Avangarde\AppData\Local\Google\Chrome\User Data\Profile 2\Network\Reporting and NEL-journal
WARNING: File path check failure for: C:\Users\Avangarde\AppData\Local\Google\Chrome\User Data\Profile 2\Network\Reporting and NEL-journal
WARNING: File path check failure for: C:\Users\Avangarde\AppData\Local\Google\Chrome\User Data\Profile 2\Network\Reporting and NEL
WARNING: File path check failure for: C:\Users\Avangarde\AppData\Roaming\Pantum\pt2500\pt2500Csm.dat
SelfCheck: Database status OK.
WARNING: File path check failure for: C:\Users\Avangarde\.gemini\antigravity\brain\32811d22-ea56-4491-97c9-c2b605c08512\SalDefender\clamav_logs\clamd.log
WARNING: File path check failure for: C:\Users\Avangarde\AppData\Roaming\Pantum\pt2500\pt2500Csm.dat
WARNING: File path check failure for: C:\Users\Avangarde\AppData\Local\Packages\5319275A.WhatsAppDesktop_cv1g1gvanyjgm\LocalCache\EBWebView\Default\IndexedDB\https_web.whatsapp.com_0.indexeddb.leveldb\002077.log
WARNING: File path check failure for: C:\Users\Avangarde\AppData\Roaming\Pantum\pt2500\pt2500Csm.dat
WARNING: File path check failure for: C:\Users\Avangarde\.gemini\antigravity\brain\32811d22-ea56-4491-97c9-c2b605c08512\SalDefender\clamav_logs\clamd.log
WARNING: File path check failure for: C:\Users\Avangarde\AppData\Local\Packages\5319275A.WhatsAppDesktop_cv1g1gvanyjgm\LocalCache\EBWebView\Default\WebStorage\QuotaManager-journal
WARNING: File path check failure for: C:\Users\Avangarde\AppData\Local\Packages\5319275A.WhatsAppDesktop_cv1g1gvanyjgm\LocalCache\EBWebView\Default\WebStorage\QuotaManager-journal
WARNING: File path check failure for: C:\Users\Avangarde\AppData\Local\Packages\5319275A.WhatsAppDesktop_cv1g1gvanyjgm\LocalCache\EBWebView\Default\WebStorage\QuotaManager
WARNING: File path check failure for: C:\Users\Avangarde\AppData\Local\Google\Chrome\User Data\Profile 2\WebStorage\QuotaManager-journal
WARNING: File path check failure for: C:\Users\Avangarde\AppData\Local\Google\Chrome\User Data\Profile 2\WebStorage\QuotaManager-journal
WARNING: File path check failure for: C:\Users\Avangarde\AppData\Local\Google\Chrome\User Data\Profile 2\WebStorage\QuotaManager
WARNING: File path check failure for: C:\Users\Avangarde\.gemini\antigravity\brain\32811d22-ea56-4491-97c9-c2b605c08512\SalDefender\clamav_logs\clamd.log
WARNING: File path check failure for: C:\Users\Avangarde\AppData\Roaming\Pantum\pt2500\pt2500Csm.dat
WARNING: File path check failure for: C:\Users\Avangarde\AppData\Local\Google\Chrome\User Data\Profile 2\Network\Reporting and NEL-journal
WARNING: File path check failure for: C:\Users\Avangarde\AppData\Local\Google\Chrome\User Data\Profile 2\Network\Reporting and NEL
WARNING: File path check failure for: C:\Users\Avangarde\AppData\Local\Packages\5319275A.WhatsAppDesktop_cv1g1gvanyjgm\LocalCache\EBWebView\Default\IndexedDB\https_web.whatsapp.com_0.indexeddb.leveldb\002077.log
WARNING: File path check failure for: C:\Users\Avangarde\.gemini\antigravity\brain\32811d22-ea56-4491-97c9-c2b605c08512\SalDefender\clamav_logs\clamd.log
WARNING: File path check failure for: C:\Users\Avangarde\AppData\Local\Packages\5319275A.WhatsAppDesktop_cv1g1gvanyjgm\LocalCache\EBWebView\Default\IndexedDB\https_web.whatsapp.com_0.indexeddb.leveldb\002077.log
WARNING: File path check failure for: C:\Users\Avangarde\AppData\Roaming\Pantum\pt2500\pt2500Csm.dat
WARNING: File path check failure for: C:\Users\Avangarde\.gemini\antigravity\brain\32811d22-ea56-4491-97c9-c2b605c08512\SalDefender\clamav_logs\clamd.log
WARNING: File path check failure for: C:\Users\Avangarde\AppData\Roaming\Pantum\pt2500\pt2500Csm.dat
WARNING: File path check failure for: C:\Users\Avangarde\AppData\Local\Packages\5319275A.WhatsAppDesktop_cv1g1gvanyjgm\LocalCache\EBWebView\Default\WebStorage\QuotaManager-journal
WARNING: File path check failure for: C:\Users\Avangarde\AppData\Local\Packages\5319275A.WhatsAppDesktop_cv1g1gvanyjgm\LocalCache\EBWebView\Default\WebStorage\QuotaManager-journal
WARNING: File path check failure for: C:\Users\Avangarde\AppData\Local\Packages\5319275A.WhatsAppDesktop_cv1g1gvanyjgm\LocalCache\EBWebView\Default\WebStorage\QuotaManager
WARNING: File path check failure for: C:\Users\Avangarde\.gemini\antigravity\brain\32811d22-ea56-4491-97c9-c2b605c08512\SalDefender\clamav_logs\clamd.log
WARNING: File path check failure for: C:\Users\Avangarde\AppData\Roaming\Pantum\pt2500\pt2500Csm.dat
WARNING: File path check failure for: C:\Users\Avangarde\AppData\Local\Google\Chrome\User Data\Profile 2\Network\Reporting and NEL-journal
WARNING: File path check failure for: C:\Users\Avangarde\AppData\Local\Google\Chrome\User Data\Profile 2\Network\Reporting and NEL-journal
WARNING: File path check failure for: C:\Users\Avangarde\AppData\Local\Google\Chrome\User Data\Profile 2\Network\Reporting and NEL
WARNING: File path check failure for: C:\Users\Avangarde\.gemini\antigravity\brain\32811d22-ea56-4491-97c9-c2b605c08512\SalDefender\clamav_logs\clamd.log
WARNING: File path check failure for: C:\Users\Avangarde\.gemini\antigravity\brain\32811d22-ea56-4491-97c9-c2b605c08512\SalDefender\clamav_logs\clamd.log
WARNING: File path check failure for: C:\Users\Avangarde\AppData\Local\Packages\5319275A.WhatsAppDesktop_cv1g1gvanyjgm\LocalCache\EBWebView\Default\IndexedDB\https_web.whatsapp.com_0.indexeddb.leveldb\002077.log
WARNING: File path check failure for: C:\Users\Avangarde\AppData\Local\Packages\5319275A.WhatsAppDesktop_cv1g1gvanyjgm\LocalCache\EBWebView\Default\WebStorage\QuotaManager-journal
WARNING: File path check failure for: C:\Users\Avangarde\AppData\Local\Packages\5319275A.WhatsAppDesktop_cv1g1gvanyjgm\LocalCache\EBWebView\Default\WebStorage\QuotaManager-journal
WARNING: File path check failure for: C:\Users\Avangarde\AppData\Local\Packages\5319275A.WhatsAppDesktop_cv1g1gvanyjgm\LocalCache\EBWebView\Default\WebStorage\QuotaManager
WARNING: File path check failure for: C:\Users\Avangarde\.gemini\antigravity\brain\32811d22-ea56-4491-97c9-c2b605c08512\SalDefender\clamav_logs\clamd.log
WARNING: File path check failure for: C:\Users\Avangarde\AppData\Local\Google\Chrome\User Data\Profile 2\Network\Reporting and NEL-journal
WARNING: File path check failure for: C:\Users\Avangarde\AppData\Local\Google\Chrome\User Data\Profile 2\Network\Reporting and NEL
WARNING: File path check failure for: C:\Users\Avangarde\AppData\Local\Packages\5319275A.WhatsAppDesktop_cv1g1gvanyjgm\LocalCache\EBWebView\Default\IndexedDB\https_web.whatsapp.com_0.indexeddb.leveldb\002077.log
WARNING: File path check failure for: C:\Users\Avangarde\AppData\Local\Packages\5319275A.WhatsAppDesktop_cv1g1gvanyjgm\LocalCache\EBWebView\Default\IndexedDB\https_web.whatsapp.com_0.indexeddb.leveldb\002077.log
WARNING: File path check failure for: C:\Users\Avangarde\.gemini\antigravity\brain\32811d22-ea56-4491-97c9-c2b605c08512\SalDefender\clamav_logs\clamd.log
WARNING: File path check failure for: C:\Users\Avangarde\AppData\Local\Packages\5319275A.WhatsAppDesktop_cv1g1gvanyjgm\LocalCache\EBWebView\Default\WebStorage\QuotaManager-journal
WARNING: File path check failure for: C:\Users\Avangarde\AppData\Local\Packages\5319275A.WhatsAppDesktop_cv1g1gvanyjgm\LocalCache\EBWebView\Default\WebStorage\QuotaManager-journal
WARNING: File path check failure for: C:\Users\Avangarde\AppData\Local\Packages\5319275A.WhatsAppDesktop_cv1g1gvanyjgm\LocalCache\EBWebView\Default\WebStorage\QuotaManager
WARNING: File path check failure for: C:\Users\Avangarde\.gemini\antigravity\brain\32811d22-ea56-4491-97c9-c2b605c08512\SalDefender\clamav_logs\clamd.log
WARNING: File path check failure for: C:\Users\Avangarde\AppData\Local\Google\Chrome\User Data\Profile 2\Network\Reporting and NEL-journal
WARNING: File path check failure for: C:\Users\Avangarde\AppData\Local\Google\Chrome\User Data\Profile 2\Network\Reporting and NEL-journal
WARNING: File path check failure for: C:\Users\Avangarde\AppData\Local\Google\Chrome\User Data\Profile 2\Network\Reporting and NEL
WARNING: File path check failure for: C:\Users\Avangarde\AppData\Roaming\Pantum\pt2500\pt2500Csm.dat
WARNING: File path check failure for: C:\Users\Avangarde\.gemini\antigravity\brain\32811d22-ea56-4491-97c9-c2b605c08512\SalDefender\clamav_logs\clamd.log
WARNING: File path check failure for: C:\Users\Avangarde\AppData\Roaming\Pantum\pt2500\pt2500Csm.dat
WARNING: File path check failure for: C:\Users\Avangarde\AppData\Local\Packages\5319275A.WhatsAppDesktop_cv1g1gvanyjgm\LocalCache\EBWebView\Default\IndexedDB\https_web.whatsapp.com_0.indexeddb.leveldb\002077.log
WARNING: File path check failure for: C:\Users\Avangarde\.gemini\antigravity\brain\32811d22-ea56-4491-97c9-c2b605c08512\SalDefender\clamav_logs\clamd.log
WARNING: File path check failure for: C:\Users\Avangarde\AppData\Local\Packages\5319275A.WhatsAppDesktop_cv1g1gvanyjgm\LocalCache\EBWebView\Default\WebStorage\QuotaManager-journal
WARNING: File path check failure for: C:\Users\Avangarde\AppData\Local\Packages\5319275A.WhatsAppDesktop_cv1g1gvanyjgm\LocalCache\EBWebView\Default\WebStorage\QuotaManager-journal
WARNING: File path check failure for: C:\Users\Avangarde\AppData\Local\Packages\5319275A.WhatsAppDesktop_cv1g1gvanyjgm\LocalCache\EBWebView\Default\WebStorage\QuotaManager
WARNING: File path check failure for: C:\Users\Avangarde\.gemini\antigravity\brain\32811d22-ea56-4491-97c9-c2b605c08512\SalDefender\clamav_logs\clamd.log
WARNING: File path check failure for: C:\Users\Avangarde\AppData\Roaming\Pantum\pt2500\pt2500Csm.dat
WARNING: File path check failure for: C:\Users\Avangarde\AppData\Local\Google\Chrome\User Data\Profile 2\Network\Reporting and NEL-journal
WARNING: File path check failure for: C:\Users\Avangarde\AppData\Local\Google\Chrome\User Data\Profile 2\Network\Reporting and NEL
WARNING: File path check failure for: C:\Users\Avangarde\AppData\Local\Google\Chrome\User Data\Profile 2\IndexedDB\chrome-extension_cfhdojbkjhnklbpkdaibdccddilifddb_0.indexeddb.leveldb\LOG
WARNING: File path check failure for: C:\Users\Avangarde\AppData\Local\Google\Chrome\User Data\Profile 2\IndexedDB\chrome-extension_cfhdojbkjhnklbpkdaibdccddilifddb_0.indexeddb.leveldb\000440.log
WARNING: File path check failure for: C:\Users\Avangarde\AppData\Local\Google\Chrome\User Data\Profile 2\IndexedDB\chrome-extension_gighmmpiobklfepjocnamgkkbiglidom_0.indexeddb.leveldb\LOG
WARNING: File path check failure for: C:\Users\Avangarde\AppData\Local\Google\Chrome\User Data\Profile 2\IndexedDB\chrome-extension_gighmmpiobklfepjocnamgkkbiglidom_0.indexeddb.leveldb\000087.log
WARNING: File path check failure for: C:\Users\Avangarde\AppData\Local\Google\Chrome\User Data\Profile 2\Network Action Predictor-journal
WARNING: File path check failure for: C:\Users\Avangarde\AppData\Local\Google\Chrome\User Data\Profile 2\Network Action Predictor
WARNING: File path check failure for: C:\Users\Avangarde\AppData\Local\Packages\5319275A.WhatsAppDesktop_cv1g1gvanyjgm\LocalCache\EBWebView\Default\IndexedDB\https_web.whatsapp.com_0.indexeddb.leveldb\002091.log
WARNING: File path check failure for: C:\Users\Avangarde\AppData\Local\Packages\5319275A.WhatsAppDesktop_cv1g1gvanyjgm\LocalCache\EBWebView\Default\IndexedDB\https_web.whatsapp.com_0.indexeddb.leveldb\MANIFEST-000001
WARNING: File path check failure for: C:\Users\Avangarde\AppData\Local\Google\Chrome\User Data\Profile 2\Shortcuts-journal
WARNING: File path check failure for: C:\Users\Avangarde\AppData\Local\Google\Chrome\User Data\Profile 2\Shortcuts
WARNING: File path check failure for: C:\Users\Avangarde\AppData\Local\Google\Chrome\User Data\segmentation_platform\ukm_db-wal
WARNING: File path check failure for: C:\Users\Avangarde\.gemini\antigravity\brain\32811d22-ea56-4491-97c9-c2b605c08512\SalDefender\clamav_logs\clamd.log
WARNING: File path check failure for: C:\Users\Avangarde\AppData\Local\Google\Chrome\User Data\segmentation_platform\ukm_db
WARNING: File path check failure for: C:\Users\Avangarde\AppData\Local\Google\Chrome\User Data\Profile 2\History-journal
WARNING: File path check failure for: C:\Users\Avangarde\AppData\Local\Google\Chrome\User Data\Profile 2\History
WARNING: File path check failure for: C:\Users\Avangarde\AppData\Local\Google\Chrome\User Data\Profile 2\Favicons-journal
WARNING: File path check failure for: C:\Users\Avangarde\AppData\Local\Google\Chrome\User Data\Profile 2\Favicons
WARNING: File path check failure for: C:\Users\Avangarde\AppData\Local\Packages\5319275A.WhatsAppDesktop_cv1g1gvanyjgm\LocalCache\EBWebView\Default\WebStorage\QuotaManager-journal
WARNING: File path check failure for: C:\Users\Avangarde\AppData\Local\Packages\5319275A.WhatsAppDesktop_cv1g1gvanyjgm\LocalCache\EBWebView\Default\WebStorage\QuotaManager
WARNING: File path check failure for: C:\Users\Avangarde\AppData\Local\Google\Chrome\User Data\Profile 2\IndexedDB\chrome-extension_cfhdojbkjhnklbpkdaibdccddilifddb_0.indexeddb.leveldb\LOG
WARNING: File path check failure for: C:\Users\Avangarde\AppData\Local\Google\Chrome\User Data\Profile 2\IndexedDB\chrome-extension_gighmmpiobklfepjocnamgkkbiglidom_0.indexeddb.leveldb\LOG
WARNING: File path check failure for: C:\Users\Avangarde\AppData\Local\Google\Chrome\User Data\Profile 2\Network\Reporting and NEL-journal
WARNING: File path check failure for: C:\Users\Avangarde\AppData\Local\Google\Chrome\User Data\Profile 2\Network\Reporting and NEL
WARNING: File path check failure for: C:\Users\Avangarde\AppData\Local\Google\Chrome\User Data\Profile 2\WebStorage\QuotaManager-journal
WARNING: File path check failure for: C:\Users\Avangarde\AppData\Local\Google\Chrome\User Data\Profile 2\WebStorage\QuotaManager
WARNING: File path check failure for: C:\Users\Avangarde\AppData\Local\Packages\5319275A.WhatsAppDesktop_cv1g1gvanyjgm\LocalCache\EBWebView\Default\IndexedDB\https_web.whatsapp.com_0.indexeddb.leveldb\MANIFEST-000001
WARNING: File path check failure for: C:\Users\Avangarde\AppData\Local\Google\Chrome\User Data\Profile 2\Network Action Predictor-journal
WARNING: File path check failure for: C:\Users\Avangarde\AppData\Local\Google\Chrome\User Data\Profile 2\Network Action Predictor
WARNING: File path check failure for: C:\Users\Avangarde\AppData\Local\Packages\5319275A.WhatsAppDesktop_cv1g1gvanyjgm\LocalCache\EBWebView\Default\IndexedDB\https_web.whatsapp.com_0.indexeddb.leveldb\002091.log
WARNING: File path check failure for: C:\Users\Avangarde\AppData\Local\Packages\5319275A.WhatsAppDesktop_cv1g1gvanyjgm\LocalCache\EBWebView\Default\IndexedDB\https_web.whatsapp.com_0.indexeddb.leveldb\LOG
WARNING: File path check failure for: C:\Users\Avangarde\AppData\Local\Google\Chrome\User Data\segmentation_platform\ukm_db-wal
WARNING: File path check failure for: C:\Users\Avangarde\AppData\Local\Google\Chrome\User Data\Profile 2\Session Storage\000004.log
WARNING: File path check failure for: C:\Users\Avangarde\AppData\Local\Google\Chrome\User Data\Profile 2\Session Storage\MANIFEST-000001
WARNING: File path check failure for: C:\Users\Avangarde\.gemini\antigravity\brain\32811d22-ea56-4491-97c9-c2b605c08512\SalDefender\clamav_logs\clamd.log
WARNING: File path check failure for: C:\Users\Avangarde\AppData\Local\Google\Chrome\User Data\Profile 2\History-journal
WARNING: File path check failure for: C:\Users\Avangarde\AppData\Local\Google\Chrome\User Data\Profile 2\Favicons-journal
WARNING: File path check failure for: C:\Users\Avangarde\AppData\Local\Google\Chrome\User Data\Profile 2\History
WARNING: File path check failure for: C:\Users\Avangarde\AppData\Local\Google\Chrome\User Data\Profile 2\Favicons
WARNING: File path check failure for: C:\Users\Avangarde\AppData\Local\Google\Chrome\User Data\segmentation_platform\ukm_db
WARNING: File path check failure for: C:\Users\Avangarde\AppData\Local\Packages\5319275A.WhatsAppDesktop_cv1g1gvanyjgm\LocalCache\EBWebView\Default\IndexedDB\https_web.whatsapp.com_0.indexeddb.leveldb\002091.log
WARNING: File path check failure for: C:\Users\Avangarde\AppData\Local\Google\Chrome\User Data\Profile 2\Session Storage\000004.log
WARNING: File path check failure for: C:\Users\Avangarde\AppData\Local\Packages\5319275A.WhatsAppDesktop_cv1g1gvanyjgm\LocalCache\EBWebView\Default\WebStorage\QuotaManager-journal
WARNING: File path check failure for: C:\Users\Avangarde\AppData\Local\Packages\5319275A.WhatsAppDesktop_cv1g1gvanyjgm\LocalCache\EBWebView\Default\WebStorage\QuotaManager
WARNING: File path check failure for: C:\Users\Avangarde\.gemini\antigravity\brain\32811d22-ea56-4491-97c9-c2b605c08512\SalDefender\clamav_logs\clamd.log
WARNING: File path check failure for: C:\Users\Avangarde\AppData\Local\Google\Chrome\User Data\segmentation_platform\ukm_db-wal
WARNING: File path check failure for: C:\Users\Avangarde\AppData\Local\Google\Chrome\User Data\Profile 2\Network Action Predictor-journal
WARNING: File path check failure for: C:\Users\Avangarde\AppData\Local\Google\Chrome\User Data\Profile 2\Network Action Predictor
WARNING: File path check failure for: C:\Users\Avangarde\AppData\Local\Google\Chrome\User Data\Profile 2\Network\Reporting and NEL-journal
WARNING: File path check failure for: C:\Users\Avangarde\AppData\Local\Google\Chrome\User Data\Profile 2\Network\Reporting and NEL
WARNING: File path check failure for: C:\Users\Avangarde\AppData\Local\Google\Chrome\User Data\Profile 2\History-journal
WARNING: File path check failure for: C:\Users\Avangarde\AppData\Local\Google\Chrome\User Data\Profile 2\History
WARNING: File path check failure for: C:\Users\Avangarde\AppData\Local\Packages\5319275A.WhatsAppDesktop_cv1g1gvanyjgm\LocalCache\EBWebView\Default\IndexedDB\https_web.whatsapp.com_0.indexeddb.leveldb\002091.log
WARNING: File path check failure for: C:\Users\Avangarde\AppData\Local\Google\Chrome\User Data\Profile 2\Session Storage\000004.log
WARNING: File path check failure for: C:\Users\Avangarde\.gemini\antigravity\brain\32811d22-ea56-4491-97c9-c2b605c08512\SalDefender\clamav_logs\clamd.log
WARNING: File path check failure for: C:\Users\Avangarde\AppData\Local\Packages\5319275A.WhatsAppDesktop_cv1g1gvanyjgm\LocalCache\EBWebView\Default\WebStorage\QuotaManager-journal
WARNING: File path check failure for: C:\Users\Avangarde\AppData\Local\Packages\5319275A.WhatsAppDesktop_cv1g1gvanyjgm\LocalCache\EBWebView\Default\WebStorage\QuotaManager
WARNING: File path check failure for: C:\Users\Avangarde\AppData\Local\Google\Chrome\User Data\Profile 2\WebStorage\QuotaManager-journal
WARNING: File path check failure for: C:\Users\Avangarde\AppData\Local\Google\Chrome\User Data\Profile 2\WebStorage\QuotaManager
WARNING: File path check failure for: C:\Users\Avangarde\AppData\Local\Packages\5319275A.WhatsAppDesktop_cv1g1gvanyjgm\LocalCache\EBWebView\Default\IndexedDB\https_web.whatsapp.com_0.indexeddb.leveldb\002091.log
WARNING: File path check failure for: C:\Users\Avangarde\.gemini\antigravity\brain\32811d22-ea56-4491-97c9-c2b605c08512\SalDefender\clamav_logs\clamd.log
WARNING: File path check failure for: C:\Users\Avangarde\AppData\Local\Google\Chrome\User Data\Profile 2\Network\Reporting and NEL-journal
WARNING: File path check failure for: C:\Users\Avangarde\AppData\Local\Google\Chrome\User Data\Profile 2\Network\Reporting and NEL-journal
WARNING: File path check failure for: C:\Users\Avangarde\AppData\Local\Google\Chrome\User Data\Profile 2\Network\Reporting and NEL
WARNING: File path check failure for: C:\Users\Avangarde\AppData\Roaming\Pantum\pt2500\pt2500Csm.dat
WARNING: File path check failure for: C:\Users\Avangarde\.gemini\antigravity\brain\32811d22-ea56-4491-97c9-c2b605c08512\SalDefender\clamav_logs\clamd.log
WARNING: File path check failure for: C:\Users\Avangarde\AppData\Local\Packages\5319275A.WhatsAppDesktop_cv1g1gvanyjgm\LocalCache\EBWebView\Default\IndexedDB\https_web.whatsapp.com_0.indexeddb.leveldb\002091.log
WARNING: File path check failure for: C:\Users\Avangarde\AppData\Roaming\Pantum\pt2500\pt2500Csm.dat
WARNING: File path check failure for: C:\Users\Avangarde\.gemini\antigravity\brain\32811d22-ea56-4491-97c9-c2b605c08512\SalDefender\clamav_logs\clamd.log
WARNING: File path check failure for: C:\Users\Avangarde\AppData\Roaming\Pantum\pt2500\pt2500Csm.dat
WARNING: File path check failure for: C:\Users\Avangarde\AppData\Local\Packages\5319275A.WhatsAppDesktop_cv1g1gvanyjgm\LocalCache\EBWebView\Default\WebStorage\QuotaManager-journal
WARNING: File path check failure for: C:\Users\Avangarde\AppData\Local\Packages\5319275A.WhatsAppDesktop_cv1g1gvanyjgm\LocalCache\EBWebView\Default\WebStorage\QuotaManager-journal
WARNING: File path check failure for: C:\Users\Avangarde\.gemini\antigravity\brain\32811d22-ea56-4491-97c9-c2b605c08512\SalDefender\clamav_logs\clamd.log
WARNING: File path check failure for: C:\Users\Avangarde\AppData\Local\Packages\5319275A.WhatsAppDesktop_cv1g1gvanyjgm\LocalCache\EBWebView\Default\WebStorage\QuotaManager
WARNING: File path check failure for: C:\Users\Avangarde\AppData\Roaming\Pantum\pt2500\pt2500Csm.dat
WARNING: File path check failure for: C:\Users\Avangarde\.gemini\antigravity\brain\32811d22-ea56-4491-97c9-c2b605c08512\SalDefender\clamav_logs\clamd.log
WARNING: File path check failure for: C:\Users\Avangarde\AppData\Local\Google\Chrome\User Data\Profile 2\Network\Reporting and NEL-journal
WARNING: File path check failure for: C:\Users\Avangarde\AppData\Local\Google\Chrome\User Data\Profile 2\Network\Reporting and NEL-journal
WARNING: File path check failure for: C:\Users\Avangarde\AppData\Local\Google\Chrome\User Data\Profile 2\Network\Reporting and NEL
WARNING: File path check failure for: C:\Users\Avangarde\AppData\Roaming\Pantum\pt2500\pt2500Csm.dat
WARNING: File path check failure for: C:\Users\Avangarde\.gemini\antigravity\brain\32811d22-ea56-4491-97c9-c2b605c08512\SalDefender\clamav_logs\clamd.log
WARNING: File path check failure for: C:\Users\Avangarde\AppData\Local\Packages\5319275A.WhatsAppDesktop_cv1g1gvanyjgm\LocalCache\EBWebView\Default\IndexedDB\https_web.whatsapp.com_0.indexeddb.leveldb\002091.log
WARNING: File path check failure for: C:\Users\Avangarde\AppData\Local\Packages\5319275A.WhatsAppDesktop_cv1g1gvanyjgm\LocalCache\EBWebView\Default\WebStorage\QuotaManager-journal
WARNING: File path check failure for: C:\Users\Avangarde\AppData\Local\Packages\5319275A.WhatsAppDesktop_cv1g1gvanyjgm\LocalCache\EBWebView\Default\WebStorage\QuotaManager-journal
WARNING: File path check failure for: C:\Users\Avangarde\AppData\Local\Packages\5319275A.WhatsAppDesktop_cv1g1gvanyjgm\LocalCache\EBWebView\Default\WebStorage\QuotaManager
WARNING: File path check failure for: C:\Users\Avangarde\.gemini\antigravity\brain\32811d22-ea56-4491-97c9-c2b605c08512\SalDefender\clamav_logs\clamd.log
WARNING: File path check failure for: C:\Users\Avangarde\AppData\Roaming\Pantum\pt2500\pt2500Csm.dat
WARNING: File path check failure for: C:\Users\Avangarde\AppData\Local\Google\Chrome\User Data\Profile 2\WebStorage\QuotaManager-journal
WARNING: File path check failure for: C:\Users\Avangarde\AppData\Local\Google\Chrome\User Data\Profile 2\WebStorage\QuotaManager-journal
WARNING: File path check failure for: C:\Users\Avangarde\AppData\Local\Google\Chrome\User Data\Profile 2\WebStorage\QuotaManager
WARNING: File path check failure for: C:\Users\Avangarde\.gemini\antigravity\brain\32811d22-ea56-4491-97c9-c2b605c08512\SalDefender\clamav_logs\clamd.log
WARNING: File path check failure for: C:\Users\Avangarde\AppData\Roaming\Pantum\pt2500\pt2500Csm.dat
WARNING: File path check failure for: C:\Users\Avangarde\AppData\Local\Packages\Microsoft.Todos_8wekyb3d8bbwe\LocalState\AccountsRoot\9a7a1015f3ab4ec3a5cecd5faa8121fc\todosqlite.db-wal
WARNING: File path check failure on: C:\Users\Avangarde\AppData\Local\Packages\Microsoft.Todos_8wekyb3d8bbwe\LocalState\AccountsRoot\9a7a1015f3ab4ec3a5cecd5faa8121fc\todosqlite.db-wal
WARNING: File path check failure for: C:\Users\Avangarde\.gemini\antigravity\brain\32811d22-ea56-4491-97c9-c2b605c08512\SalDefender\clamav_logs\clamd.log
WARNING: File path check failure for: C:\Users\Avangarde\AppData\Local\Packages\Microsoft.Todos_8wekyb3d8bbwe\LocalState\AccountsRoot\9a7a1015f3ab4ec3a5cecd5faa8121fc\todosqlite.db-wal
WARNING: File path check failure for: C:\Users\Avangarde\AppData\Local\Google\Chrome\User Data\Profile 2\Network\Reporting and NEL-journal
WARNING: File path check failure for: C:\Users\Avangarde\AppData\Local\Google\Chrome\User Data\Profile 2\Network\Reporting and NEL
WARNING: File path check failure for: C:\Users\Avangarde\.gemini\antigravity\brain\32811d22-ea56-4491-97c9-c2b605c08512\SalDefender\clamav_logs\clamd.log
WARNING: File path check failure for: C:\Users\Avangarde\.gemini\antigravity\brain\32811d22-ea56-4491-97c9-c2b605c08512\SalDefender\clamav_logs\clamd.log
WARNING: File path check failure for: C:\Users\Avangarde\AppData\Local\Packages\5319275A.WhatsAppDesktop_cv1g1gvanyjgm\LocalCache\EBWebView\Default\IndexedDB\https_web.whatsapp.com_0.indexeddb.leveldb\002091.log
WARNING: File path check failure for: C:\Users\Avangarde\AppData\Roaming\Pantum\pt2500\pt2500Csm.dat
WARNING: File path check failure for: C:\Users\Avangarde\.gemini\antigravity\brain\32811d22-ea56-4491-97c9-c2b605c08512\SalDefender\clamav_logs\clamd.log
WARNING: File path check failure for: C:\Users\Avangarde\AppData\Roaming\Pantum\pt2500\pt2500Csm.dat
WARNING: File path check failure for: C:\Users\Avangarde\AppData\Local\Packages\5319275A.WhatsAppDesktop_cv1g1gvanyjgm\LocalCache\EBWebView\Default\WebStorage\QuotaManager-journal
WARNING: File path check failure for: C:\Users\Avangarde\AppData\Local\Packages\5319275A.WhatsAppDesktop_cv1g1gvanyjgm\LocalCache\EBWebView\Default\WebStorage\QuotaManager-journal
WARNING: File path check failure for: C:\Users\Avangarde\AppData\Local\Packages\5319275A.WhatsAppDesktop_cv1g1gvanyjgm\LocalCache\EBWebView\Default\WebStorage\QuotaManager
WARNING: File path check failure for: C:\Users\Avangarde\.gemini\antigravity\brain\32811d22-ea56-4491-97c9-c2b605c08512\SalDefender\clamav_logs\clamd.log
WARNING: File path check failure for: C:\Users\Avangarde\AppData\Local\Google\Chrome\User Data\Profile 2\Network\Reporting and NEL-journal
WARNING: File path check failure for: C:\Users\Avangarde\AppData\Local\Google\Chrome\User Data\Profile 2\Network\Reporting and NEL-journal
WARNING: File path check failure for: C:\Users\Avangarde\AppData\Local\Google\Chrome\User Data\Profile 2\Network\Reporting and NEL
WARNING: File path check failure for: C:\Users\Avangarde\AppData\Local\Packages\5319275A.WhatsAppDesktop_cv1g1gvanyjgm\LocalCache\EBWebView\Default\IndexedDB\https_web.whatsapp.com_0.indexeddb.leveldb\002091.log
WARNING: File path check failure for: C:\Users\Avangarde\.gemini\antigravity\brain\32811d22-ea56-4491-97c9-c2b605c08512\SalDefender\clamav_logs\clamd.log
WARNING: File path check failure for: C:\Users\Avangarde\AppData\Local\Packages\5319275A.WhatsAppDesktop_cv1g1gvanyjgm\LocalCache\EBWebView\Default\WebStorage\QuotaManager-journal
WARNING: File path check failure for: C:\Users\Avangarde\AppData\Local\Packages\5319275A.WhatsAppDesktop_cv1g1gvanyjgm\LocalCache\EBWebView\Default\WebStorage\QuotaManager-journal
WARNING: File path check failure for: C:\Users\Avangarde\AppData\Local\Packages\5319275A.WhatsAppDesktop_cv1g1gvanyjgm\LocalCache\EBWebView\Default\WebStorage\QuotaManager
WARNING: File path check failure for: C:\Users\Avangarde\AppData\Roaming\Pantum\pt2500\pt2500Csm.dat
WARNING: File path check failure for: C:\Users\Avangarde\.gemini\antigravity\brain\32811d22-ea56-4491-97c9-c2b605c08512\SalDefender\clamav_logs\clamd.log
WARNING: File path check failure for: C:\Users\Avangarde\AppData\Local\Google\Chrome\User Data\Profile 2\Network\Reporting and NEL-journal
WARNING: File path check failure for: C:\Users\Avangarde\AppData\Local\Google\Chrome\User Data\Profile 2\Network\Reporting and NEL
WARNING: File path check failure for: C:\Users\Avangarde\AppData\Local\Packages\5319275A.WhatsAppDesktop_cv1g1gvanyjgm\LocalCache\EBWebView\Default\IndexedDB\https_web.whatsapp.com_0.indexeddb.leveldb\002091.log
WARNING: File path check failure for: C:\Users\Avangarde\.gemini\antigravity\brain\32811d22-ea56-4491-97c9-c2b605c08512\SalDefender\clamav_logs\clamd.log
WARNING: File path check failure for: C:\Users\Avangarde\AppData\Local\Packages\5319275A.WhatsAppDesktop_cv1g1gvanyjgm\LocalCache\EBWebView\Default\IndexedDB\https_web.whatsapp.com_0.indexeddb.leveldb\002091.log
WARNING: File path check failure for: C:\Users\Avangarde\AppData\Roaming\Pantum\pt2500\pt2500Csm.dat
WARNING: File path check failure for: C:\Users\Avangarde\.gemini\antigravity\brain\32811d22-ea56-4491-97c9-c2b605c08512\SalDefender\clamav_logs\clamd.log
WARNING: File path check failure for: C:\Users\Avangarde\AppData\Local\Packages\5319275A.WhatsAppDesktop_cv1g1gvanyjgm\LocalCache\EBWebView\Default\WebStorage\QuotaManager-journal
WARNING: File path check failure for: C:\Users\Avangarde\AppData\Local\Packages\5319275A.WhatsAppDesktop_cv1g1gvanyjgm\LocalCache\EBWebView\Default\WebStorage\QuotaManager-journal
WARNING: File path check failure for: C:\Users\Avangarde\AppData\Local\Packages\5319275A.WhatsAppDesktop_cv1g1gvanyjgm\LocalCache\EBWebView\Default\WebStorage\QuotaManager
WARNING: File path check failure for: C:\Users\Avangarde\AppData\Roaming\Pantum\pt2500\pt2500Csm.dat
WARNING: File path check failure for: C:\Users\Avangarde\.gemini\antigravity\brain\32811d22-ea56-4491-97c9-c2b605c08512\SalDefender\clamav_logs\clamd.log
WARNING: File path check failure for: C:\Users\Avangarde\AppData\Roaming\Pantum\pt2500\pt2500Csm.dat
WARNING: File path check failure for: C:\Users\Avangarde\AppData\Local\Google\Chrome\User Data\Profile 2\Network\Reporting and NEL-journal
WARNING: File path check failure for: C:\Users\Avangarde\AppData\Local\Google\Chrome\User Data\Profile 2\Network\Reporting and NEL-journal
WARNING: File path check failure for: C:\Users\Avangarde\AppData\Local\Google\Chrome\User Data\Profile 2\Network\Reporting and NEL
WARNING: File path check failure for: C:\Users\Avangarde\.gemini\antigravity\brain\32811d22-ea56-4491-97c9-c2b605c08512\SalDefender\clamav_logs\clamd.log
WARNING: File path check failure for: C:\Users\Avangarde\.gemini\antigravity\brain\32811d22-ea56-4491-97c9-c2b605c08512\SalDefender\clamav_logs\clamd.log
WARNING: File path check failure for: C:\Users\Avangarde\AppData\Local\Packages\5319275A.WhatsAppDesktop_cv1g1gvanyjgm\LocalCache\EBWebView\Default\IndexedDB\https_web.whatsapp.com_0.indexeddb.leveldb\002091.log
WARNING: File path check failure for: C:\Users\Avangarde\AppData\Local\Packages\5319275A.WhatsAppDesktop_cv1g1gvanyjgm\LocalCache\EBWebView\Default\WebStorage\QuotaManager-journal
WARNING: File path check failure for: C:\Users\Avangarde\AppData\Local\Packages\5319275A.WhatsAppDesktop_cv1g1gvanyjgm\LocalCache\EBWebView\Default\WebStorage\QuotaManager-journal
WARNING: File path check failure for: C:\Users\Avangarde\AppData\Local\Packages\5319275A.WhatsAppDesktop_cv1g1gvanyjgm\LocalCache\EBWebView\Default\WebStorage\QuotaManager
WARNING: File path check failure for: C:\Users\Avangarde\.gemini\antigravity\brain\32811d22-ea56-4491-97c9-c2b605c08512\SalDefender\clamav_logs\clamd.log
WARNING: File path check failure for: C:\Users\Avangarde\AppData\Roaming\Pantum\pt2500\pt2500Csm.dat
WARNING: File path check failure for: C:\Users\Avangarde\AppData\Roaming\Pantum\pt2500\pt2500Csm.dat
WARNING: File path check failure for: C:\Users\Avangarde\.gemini\antigravity\brain\32811d22-ea56-4491-97c9-c2b605c08512\SalDefender\clamav_logs\clamd.log
WARNING: File path check failure for: C:\Users\Avangarde\AppData\Local\Google\Chrome\User Data\Profile 2\Network\Reporting and NEL-journal
WARNING: File path check failure for: C:\Users\Avangarde\AppData\Local\Google\Chrome\User Data\Profile 2\Network\Reporting and NEL
WARNING: File path check failure for: C:\Users\Avangarde\AppData\Local\Packages\5319275A.WhatsAppDesktop_cv1g1gvanyjgm\LocalCache\EBWebView\Default\IndexedDB\https_web.whatsapp.com_0.indexeddb.leveldb\002091.log
WARNING: File path check failure for: C:\Users\Avangarde\AppData\Local\Packages\5319275A.WhatsAppDesktop_cv1g1gvanyjgm\LocalCache\EBWebView\Default\IndexedDB\https_web.whatsapp.com_0.indexeddb.leveldb\002091.log
WARNING: File path check failure for: C:\Users\Avangarde\AppData\Roaming\Pantum\pt2500\pt2500Csm.dat
WARNING: File path check failure for: C:\Users\Avangarde\AppData\Local\Packages\5319275A.WhatsAppDesktop_cv1g1gvanyjgm\LocalCache\EBWebView\Default\WebStorage\QuotaManager-journal
WARNING: File path check failure for: C:\Users\Avangarde\AppData\Local\Packages\5319275A.WhatsAppDesktop_cv1g1gvanyjgm\LocalCache\EBWebView\Default\WebStorage\QuotaManager-journal
WARNING: File path check failure for: C:\Users\Avangarde\AppData\Local\Packages\5319275A.WhatsAppDesktop_cv1g1gvanyjgm\LocalCache\EBWebView\Default\WebStorage\QuotaManager
WARNING: File path check failure for: C:\Users\Avangarde\.gemini\antigravity\brain\32811d22-ea56-4491-97c9-c2b605c08512\SalDefender\clamav_logs\clamd.log
WARNING: File path check failure for: C:\Users\Avangarde\AppData\Roaming\Pantum\pt2500\pt2500Csm.dat
WARNING: File path check failure for: C:\Users\Avangarde\AppData\Local\Google\Chrome\User Data\Profile 2\Network\Reporting and NEL-journal
WARNING: File path check failure for: C:\Users\Avangarde\AppData\Local\Google\Chrome\User Data\Profile 2\Network\Reporting and NEL-journal
WARNING: File path check failure for: C:\Users\Avangarde\AppData\Local\Google\Chrome\User Data\Profile 2\Network\Reporting and NEL
WARNING: File path check failure for: C:\Users\Avangarde\.gemini\antigravity\brain\32811d22-ea56-4491-97c9-c2b605c08512\SalDefender\clamav_logs\clamd.log
WARNING: File path check failure for: C:\Users\Avangarde\AppData\Roaming\Pantum\pt2500\pt2500Csm.dat
WARNING: File path check failure for: C:\Users\Avangarde\AppData\Local\Packages\5319275A.WhatsAppDesktop_cv1g1gvanyjgm\LocalCache\EBWebView\Default\IndexedDB\https_web.whatsapp.com_0.indexeddb.leveldb\002091.log
WARNING: File path check failure for: C:\Users\Avangarde\.gemini\antigravity\brain\32811d22-ea56-4491-97c9-c2b605c08512\SalDefender\clamav_logs\clamd.log
WARNING: File path check failure for: C:\Users\Avangarde\AppData\Local\Packages\5319275A.WhatsAppDesktop_cv1g1gvanyjgm\LocalCache\EBWebView\Default\WebStorage\QuotaManager-journal
WARNING: File path check failure for: C:\Users\Avangarde\AppData\Local\Packages\5319275A.WhatsAppDesktop_cv1g1gvanyjgm\LocalCache\EBWebView\Default\WebStorage\QuotaManager-journal
WARNING: File path check failure for: C:\Users\Avangarde\AppData\Local\Packages\5319275A.WhatsAppDesktop_cv1g1gvanyjgm\LocalCache\EBWebView\Default\WebStorage\QuotaManager
WARNING: File path check failure for: C:\Users\Avangarde\AppData\Roaming\Pantum\pt2500\pt2500Csm.dat
WARNING: File path check failure for: C:\Users\Avangarde\.gemini\antigravity\brain\32811d22-ea56-4491-97c9-c2b605c08512\SalDefender\clamav_logs\clamd.log
WARNING: File path check failure for: C:\Users\Avangarde\AppData\Local\Google\Chrome\User Data\Profile 2\Network\Reporting and NEL-journal
WARNING: File path check failure for: C:\Users\Avangarde\AppData\Local\Google\Chrome\User Data\Profile 2\Network\Reporting and NEL
WARNING: File path check failure for: C:\Users\Avangarde\AppData\Local\Packages\5319275A.WhatsAppDesktop_cv1g1gvanyjgm\LocalCache\EBWebView\Default\IndexedDB\https_web.whatsapp.com_0.indexeddb.leveldb\002091.log
WARNING: File path check failure for: C:\Users\Avangarde\AppData\Local\Packages\5319275A.WhatsAppDesktop_cv1g1gvanyjgm\LocalCache\EBWebView\Default\IndexedDB\https_web.whatsapp.com_0.indexeddb.leveldb\002091.log
WARNING: File path check failure for: C:\Users\Avangarde\.gemini\antigravity\brain\32811d22-ea56-4491-97c9-c2b605c08512\SalDefender\clamav_logs\clamd.log
WARNING: File path check failure for: C:\Users\Avangarde\AppData\Local\Packages\5319275A.WhatsAppDesktop_cv1g1gvanyjgm\LocalCache\EBWebView\Default\WebStorage\QuotaManager-journal
WARNING: File path check failure for: C:\Users\Avangarde\AppData\Local\Packages\5319275A.WhatsAppDesktop_cv1g1gvanyjgm\LocalCache\EBWebView\Default\WebStorage\QuotaManager-journal
WARNING: File path check failure for: C:\Users\Avangarde\AppData\Local\Packages\5319275A.WhatsAppDesktop_cv1g1gvanyjgm\LocalCache\EBWebView\Default\WebStorage\QuotaManager
WARNING: File path check failure for: C:\Users\Avangarde\AppData\Roaming\Pantum\pt2500\pt2500Csm.dat
WARNING: File path check failure for: C:\Users\Avangarde\AppData\Roaming\Pantum\pt2500\pt2500Csm.dat
WARNING: File path check failure for: C:\Users\Avangarde\.gemini\antigravity\brain\32811d22-ea56-4491-97c9-c2b605c08512\SalDefender\clamav_logs\clamd.log
WARNING: File path check failure for: C:\Users\Avangarde\AppData\Local\Google\Chrome\User Data\Profile 2\Network\Reporting and NEL-journal
WARNING: File path check failure for: C:\Users\Avangarde\AppData\Local\Google\Chrome\User Data\Profile 2\Network\Reporting and NEL-journal
WARNING: File path check failure for: C:\Users\Avangarde\AppData\Local\Google\Chrome\User Data\Profile 2\Network\Reporting and NEL
WARNING: File path check failure for: C:\Users\Avangarde\.gemini\antigravity\brain\32811d22-ea56-4491-97c9-c2b605c08512\SalDefender\clamav_logs\clamd.log
WARNING: File path check failure for: C:\Users\Avangarde\AppData\Roaming\Pantum\pt2500\pt2500Csm.dat
WARNING: File path check failure for: C:\Users\Avangarde\AppData\Roaming\Pantum\pt2500\pt2500Csm.dat
WARNING: File path check failure for: C:\Users\Avangarde\.gemini\antigravity\brain\32811d22-ea56-4491-97c9-c2b605c08512\SalDefender\clamav_logs\clamd.log
WARNING: File path check failure for: C:\Users\Avangarde\AppData\Local\Packages\5319275A.WhatsAppDesktop_cv1g1gvanyjgm\LocalCache\EBWebView\Default\IndexedDB\https_web.whatsapp.com_0.indexeddb.leveldb\002091.log
WARNING: File path check failure for: C:\Users\Avangarde\AppData\Local\Packages\5319275A.WhatsAppDesktop_cv1g1gvanyjgm\LocalCache\EBWebView\Default\WebStorage\QuotaManager-journal
WARNING: File path check failure for: C:\Users\Avangarde\AppData\Local\Packages\5319275A.WhatsAppDesktop_cv1g1gvanyjgm\LocalCache\EBWebView\Default\WebStorage\QuotaManager-journal
WARNING: File path check failure for: C:\Users\Avangarde\AppData\Local\Packages\5319275A.WhatsAppDesktop_cv1g1gvanyjgm\LocalCache\EBWebView\Default\WebStorage\QuotaManager
WARNING: File path check failure for: C:\Users\Avangarde\.gemini\antigravity\brain\32811d22-ea56-4491-97c9-c2b605c08512\SalDefender\clamav_logs\clamd.log
WARNING: File path check failure for: C:\Users\Avangarde\AppData\Roaming\Pantum\pt2500\pt2500Csm.dat
WARNING: File path check failure for: C:\Users\Avangarde\AppData\Local\Google\Chrome\User Data\Profile 2\Network\Reporting and NEL-journal
WARNING: File path check failure for: C:\Users\Avangarde\AppData\Local\Google\Chrome\User Data\Profile 2\Network\Reporting and NEL
WARNING: File path check failure for: C:\Users\Avangarde\AppData\Local\Packages\5319275A.WhatsAppDesktop_cv1g1gvanyjgm\LocalCache\EBWebView\Default\IndexedDB\https_web.whatsapp.com_0.indexeddb.leveldb\002091.log
WARNING: File path check failure for: C:\Users\Avangarde\.gemini\antigravity\brain\32811d22-ea56-4491-97c9-c2b605c08512\SalDefender\clamav_logs\clamd.log
WARNING: File path check failure for: C:\Users\Avangarde\AppData\Local\Packages\5319275A.WhatsAppDesktop_cv1g1gvanyjgm\LocalCache\EBWebView\Default\IndexedDB\https_web.whatsapp.com_0.indexeddb.leveldb\002091.log
WARNING: File path check failure for: C:\Users\Avangarde\AppData\Local\Packages\5319275A.WhatsAppDesktop_cv1g1gvanyjgm\LocalCache\EBWebView\Default\WebStorage\QuotaManager-journal
WARNING: File path check failure for: C:\Users\Avangarde\AppData\Local\Packages\5319275A.WhatsAppDesktop_cv1g1gvanyjgm\LocalCache\EBWebView\Default\WebStorage\QuotaManager
WARNING: File path check failure for: C:\Users\Avangarde\.gemini\antigravity\brain\32811d22-ea56-4491-97c9-c2b605c08512\SalDefender\clamav_logs\clamd.log
SelfCheck: Database status OK.
WARNING: File path check failure for: C:\Users\Avangarde\AppData\Roaming\Pantum\pt2500\pt2500Csm.dat
WARNING: File path check failure for: C:\Users\Avangarde\.gemini\antigravity\brain\32811d22-ea56-4491-97c9-c2b605c08512\SalDefender\clamav_logs\clamd.log
WARNING: File path check failure for: C:\Users\Avangarde\.gemini\antigravity\brain\32811d22-ea56-4491-97c9-c2b605c08512\SalDefender\clamav_logs\clamd.log
WARNING: File path check failure for: C:\Users\Avangarde\AppData\Local\Google\Chrome\User Data\Profile 2\Network\Reporting and NEL-journal
WARNING: File path check failure for: C:\Users\Avangarde\AppData\Local\Google\Chrome\User Data\Profile 2\Network\Reporting and NEL-journal
WARNING: File path check failure for: C:\Users\Avangarde\AppData\Local\Google\Chrome\User Data\Profile 2\Network\Reporting and NEL
WARNING: File path check failure for: C:\Users\Avangarde\AppData\Local\Packages\5319275A.WhatsAppDesktop_cv1g1gvanyjgm\LocalCache\EBWebView\Default\IndexedDB\https_web.whatsapp.com_0.indexeddb.leveldb\002091.log
WARNING: File path check failure for: C:\Users\Avangarde\.gemini\antigravity\brain\32811d22-ea56-4491-97c9-c2b605c08512\SalDefender\clamav_logs\clamd.log
WARNING: File path check failure for: C:\Users\Avangarde\AppData\Local\Packages\5319275A.WhatsAppDesktop_cv1g1gvanyjgm\LocalCache\EBWebView\Default\WebStorage\QuotaManager-journal
WARNING: File path check failure for: C:\Users\Avangarde\AppData\Local\Packages\5319275A.WhatsAppDesktop_cv1g1gvanyjgm\LocalCache\EBWebView\Default\WebStorage\QuotaManager-journal
WARNING: File path check failure for: C:\Users\Avangarde\AppData\Local\Packages\5319275A.WhatsAppDesktop_cv1g1gvanyjgm\LocalCache\EBWebView\Default\WebStorage\QuotaManager
WARNING: File path check failure for: C:\Users\Avangarde\AppData\Local\Google\Chrome\User Data\Profile 2\Network\Reporting and NEL-journal
WARNING: File path check failure for: C:\Users\Avangarde\AppData\Local\Google\Chrome\User Data\Profile 2\Network\Reporting and NEL
WARNING: File path check failure for: C:\Users\Avangarde\.gemini\antigravity\brain\32811d22-ea56-4491-97c9-c2b605c08512\SalDefender\clamav_logs\clamd.log
WARNING: File path check failure for: C:\Users\Avangarde\AppData\Roaming\Pantum\pt2500\pt2500Csm.dat
WARNING: File path check failure for: C:\Users\Avangarde\AppData\Local\Packages\5319275A.WhatsAppDesktop_cv1g1gvanyjgm\LocalCache\EBWebView\Default\IndexedDB\https_web.whatsapp.com_0.indexeddb.leveldb\002091.log
WARNING: File path check failure for: C:\Users\Avangarde\.gemini\antigravity\brain\32811d22-ea56-4491-97c9-c2b605c08512\SalDefender\clamav_logs\clamd.log
WARNING: File path check failure for: C:\Users\Avangarde\.gemini\antigravity\brain\32811d22-ea56-4491-97c9-c2b605c08512\SalDefender\clamav_logs\clamd.log
WARNING: File path check failure for: C:\Users\Avangarde\AppData\Roaming\Pantum\pt2500\pt2500Csm.dat
WARNING: File path check failure for: C:\Users\Avangarde\AppData\Local\Packages\5319275A.WhatsAppDesktop_cv1g1gvanyjgm\LocalCache\EBWebView\Default\WebStorage\QuotaManager-journal
WARNING: File path check failure for: C:\Users\Avangarde\AppData\Local\Packages\5319275A.WhatsAppDesktop_cv1g1gvanyjgm\LocalCache\EBWebView\Default\WebStorage\QuotaManager-journal
WARNING: File path check failure for: C:\Users\Avangarde\AppData\Local\Packages\5319275A.WhatsAppDesktop_cv1g1gvanyjgm\LocalCache\EBWebView\Default\WebStorage\QuotaManager
WARNING: File path check failure for: C:\Users\Avangarde\.gemini\antigravity\brain\32811d22-ea56-4491-97c9-c2b605c08512\SalDefender\clamav_logs\clamd.log
WARNING: File path check failure for: C:\Users\Avangarde\AppData\Roaming\Pantum\pt2500\pt2500Csm.dat
WARNING: File path check failure for: C:\Users\Avangarde\AppData\Local\Google\Chrome\User Data\Profile 2\Network\Reporting and NEL-journal
WARNING: File path check failure for: C:\Users\Avangarde\AppData\Local\Google\Chrome\User Data\Profile 2\Network\Reporting and NEL-journal
WARNING: File path check failure for: C:\Users\Avangarde\AppData\Local\Google\Chrome\User Data\Profile 2\Network\Reporting and NEL
WARNING: File path check failure for: C:\Users\Avangarde\.gemini\antigravity\brain\32811d22-ea56-4491-97c9-c2b605c08512\SalDefender\clamav_logs\clamd.log
WARNING: File path check failure for: C:\Users\Avangarde\AppData\Roaming\Pantum\pt2500\pt2500Csm.dat
WARNING: File path check failure for: C:\Users\Avangarde\AppData\Local\Google\Chrome\User Data\Profile 2\WebStorage\QuotaManager-journal
WARNING: File path check failure for: C:\Users\Avangarde\AppData\Local\Google\Chrome\User Data\Profile 2\WebStorage\QuotaManager-journal
WARNING: File path check failure for: C:\Users\Avangarde\AppData\Local\Google\Chrome\User Data\Profile 2\WebStorage\QuotaManager
WARNING: File path check failure for: C:\Users\Avangarde\.gemini\antigravity\brain\32811d22-ea56-4491-97c9-c2b605c08512\SalDefender\clamav_logs\clamd.log
WARNING: File path check failure for: C:\Users\Avangarde\AppData\Local\Packages\5319275A.WhatsAppDesktop_cv1g1gvanyjgm\LocalCache\EBWebView\Default\IndexedDB\https_web.whatsapp.com_0.indexeddb.leveldb\002091.log
WARNING: File path check failure for: C:\Users\Avangarde\AppData\Local\Google\Chrome\User Data\Profile 2\IndexedDB\chrome-extension_cfhdojbkjhnklbpkdaibdccddilifddb_0.indexeddb.leveldb\LOG
WARNING: File path check failure for: C:\Users\Avangarde\AppData\Local\Google\Chrome\User Data\Profile 2\IndexedDB\chrome-extension_cfhdojbkjhnklbpkdaibdccddilifddb_0.indexeddb.leveldb\000440.log
WARNING: File path check failure for: C:\Users\Avangarde\AppData\Local\Google\Chrome\User Data\Profile 2\IndexedDB\chrome-extension_gighmmpiobklfepjocnamgkkbiglidom_0.indexeddb.leveldb\LOG
WARNING: File path check failure for: C:\Users\Avangarde\AppData\Local\Google\Chrome\User Data\Profile 2\IndexedDB\chrome-extension_gighmmpiobklfepjocnamgkkbiglidom_0.indexeddb.leveldb\000087.log
WARNING: File path check failure for: C:\Users\Avangarde\AppData\Local\Google\Chrome\User Data\Profile 2\Session Storage\000006.log
WARNING: File path check failure for: C:\Users\Avangarde\AppData\Local\Google\Chrome\User Data\Profile 2\Session Storage\MANIFEST-000001
WARNING: File path check failure for: C:\Users\Avangarde\AppData\Local\Packages\5319275A.WhatsAppDesktop_cv1g1gvanyjgm\LocalCache\EBWebView\Default\WebStorage\QuotaManager-journal
WARNING: File path check failure for: C:\Users\Avangarde\AppData\Local\Packages\5319275A.WhatsAppDesktop_cv1g1gvanyjgm\LocalCache\EBWebView\Default\WebStorage\QuotaManager
WARNING: File path check failure for: C:\Users\Avangarde\AppData\Local\Google\Chrome\User Data\segmentation_platform\ukm_db-wal
WARNING: File path check failure for: C:\Users\Avangarde\AppData\Local\Google\Chrome\User Data\segmentation_platform\ukm_db
WARNING: File path check failure for: C:\Users\Avangarde\AppData\Local\Google\Chrome\User Data\Profile 2\Sync Data\LevelDB\028568.log
WARNING: File path check failure for: C:\Users\Avangarde\AppData\Local\Google\Chrome\User Data\Profile 2\Sync Data\LevelDB\MANIFEST-007461
WARNING: File path check failure for: C:\Users\Avangarde\AppData\Local\Google\Chrome\User Data\Profile 2\Login Data-journal
WARNING: File path check failure for: C:\Users\Avangarde\AppData\Local\Google\Chrome\User Data\Profile 2\Login Data
WARNING: File path check failure for: C:\Users\Avangarde\AppData\Local\Google\Chrome\User Data\Profile 2\DIPS-wal
WARNING: File path check failure for: C:\Users\Avangarde\AppData\Local\Google\Chrome\User Data\Profile 2\DIPS
WARNING: File path check failure for: C:\Users\Avangarde\AppData\Local\Google\Chrome\User Data\Profile 2\History-journal
WARNING: File path check failure for: C:\Users\Avangarde\AppData\Local\Google\Chrome\User Data\Profile 2\History
WARNING: File path check failure for: C:\Users\Avangarde\AppData\Local\Google\Chrome\User Data\Profile 2\Favicons-journal
WARNING: File path check failure for: C:\Users\Avangarde\AppData\Local\Google\Chrome\User Data\Profile 2\Favicons
WARNING: File path check failure for: C:\Users\Avangarde\AppData\Local\Google\Chrome\User Data\Profile 2\Network\Reporting and NEL-journal
WARNING: File path check failure for: C:\Users\Avangarde\AppData\Local\Google\Chrome\User Data\Profile 2\Network\Reporting and NEL
WARNING: File path check failure for: C:\Users\Avangarde\AppData\Local\Google\Chrome\User Data\Profile 2\Local Storage\leveldb\000005.log
WARNING: File path check failure for: C:\Users\Avangarde\AppData\Local\Google\Chrome\User Data\Profile 2\Local Storage\leveldb\MANIFEST-000001
WARNING: File path check failure for: C:\Users\Avangarde\AppData\Local\Google\Chrome\User Data\Profile 2\IndexedDB\chrome-extension_cfhdojbkjhnklbpkdaibdccddilifddb_0.indexeddb.leveldb\LOG
WARNING: File path check failure for: C:\Users\Avangarde\.gemini\antigravity\brain\32811d22-ea56-4491-97c9-c2b605c08512\SalDefender\clamav_logs\clamd.log
WARNING: File path check failure for: C:\Users\Avangarde\AppData\Local\Google\Chrome\User Data\Profile 2\IndexedDB\chrome-extension_gighmmpiobklfepjocnamgkkbiglidom_0.indexeddb.leveldb\LOG
WARNING: File path check failure for: C:\Users\Avangarde\AppData\Local\Packages\5319275A.WhatsAppDesktop_cv1g1gvanyjgm\LocalCache\EBWebView\Default\IndexedDB\https_web.whatsapp.com_0.indexeddb.leveldb\002091.log
WARNING: File path check failure for: C:\Users\Avangarde\AppData\Local\Google\Chrome\User Data\Profile 2\Network Action Predictor-journal
WARNING: File path check failure for: C:\Users\Avangarde\AppData\Local\Google\Chrome\User Data\Profile 2\Network Action Predictor
WARNING: File path check failure for: C:\Users\Avangarde\AppData\Local\Google\Chrome\User Data\Profile 2\Session Storage\000006.log
WARNING: File path check failure for: C:\Users\Avangarde\AppData\Local\Google\Chrome\User Data\Profile 2\WebStorage\QuotaManager-journal
WARNING: File path check failure for: C:\Users\Avangarde\AppData\Local\Google\Chrome\User Data\Profile 2\WebStorage\QuotaManager
WARNING: File path check failure for: C:\Users\Avangarde\AppData\Local\Packages\5319275A.WhatsAppDesktop_cv1g1gvanyjgm\LocalCache\EBWebView\Default\WebStorage\QuotaManager-journal
WARNING: File path check failure for: C:\Users\Avangarde\AppData\Local\Packages\5319275A.WhatsAppDesktop_cv1g1gvanyjgm\LocalCache\EBWebView\Default\WebStorage\QuotaManager
WARNING: File path check failure for: C:\Users\Avangarde\AppData\Local\Google\Chrome\User Data\segmentation_platform\ukm_db-wal
WARNING: File path check failure for: C:\Users\Avangarde\AppData\Local\Google\Chrome\User Data\segmentation_platform\ukm_db
WARNING: File path check failure for: C:\Users\Avangarde\AppData\Local\Google\Chrome\User Data\Profile 2\IndexedDB\https_www.youtube.com_0.indexeddb.leveldb\LOG
WARNING: File path check failure for: C:\Users\Avangarde\AppData\Local\Google\Chrome\User Data\Profile 2\MediaDeviceSalts-journal
WARNING: File path check failure for: C:\Users\Avangarde\AppData\Local\Google\Chrome\User Data\Profile 2\MediaDeviceSalts
WARNING: File path check failure for: C:\Users\Avangarde\AppData\Local\Google\Chrome\User Data\Profile 2\Sync Data\LevelDB\028568.log
WARNING: File path check failure for: C:\Users\Avangarde\AppData\Local\Google\Chrome\User Data\Profile 2\History-journal
WARNING: File path check failure for: C:\Users\Avangarde\AppData\Local\Google\Chrome\User Data\Profile 2\Favicons-journal
WARNING: File path check failure for: C:\Users\Avangarde\AppData\Local\Google\Chrome\User Data\Profile 2\Local Storage\leveldb\000005.log
WARNING: File path check failure for: C:\Users\Avangarde\AppData\Local\Google\Chrome\User Data\Profile 2\History
WARNING: File path check failure for: C:\Users\Avangarde\AppData\Local\Google\Chrome\User Data\Profile 2\Favicons
WARNING: File path check failure for: C:\Users\Avangarde\AppData\Local\Packages\5319275A.WhatsAppDesktop_cv1g1gvanyjgm\LocalCache\EBWebView\Default\IndexedDB\https_web.whatsapp.com_0.indexeddb.leveldb\002091.log
WARNING: File path check failure for: C:\Users\Avangarde\.gemini\antigravity\brain\32811d22-ea56-4491-97c9-c2b605c08512\SalDefender\clamav_logs\clamd.log
WARNING: File path check failure for: C:\Users\Avangarde\AppData\Local\Google\Chrome\User Data\Profile 2\Session Storage\000006.log
WARNING: File path check failure for: C:\Users\Avangarde\AppData\Local\Google\Chrome\User Data\Profile 2\WebStorage\QuotaManager-journal
WARNING: File path check failure for: C:\Users\Avangarde\AppData\Local\Google\Chrome\User Data\Profile 2\Network\Reporting and NEL-journal
WARNING: File path check failure for: C:\Users\Avangarde\AppData\Local\Google\Chrome\User Data\Profile 2\Network\Reporting and NEL
WARNING: File path check failure for: C:\Users\Avangarde\AppData\Local\Google\Chrome\User Data\Profile 2\Network Action Predictor-journal
WARNING: File path check failure for: C:\Users\Avangarde\AppData\Local\Google\Chrome\User Data\Profile 2\Network Action Predictor
WARNING: File path check failure for: C:\Users\Avangarde\AppData\Local\Packages\5319275A.WhatsAppDesktop_cv1g1gvanyjgm\LocalCache\EBWebView\Default\WebStorage\QuotaManager-journal
WARNING: File path check failure for: C:\Users\Avangarde\AppData\Local\Packages\5319275A.WhatsAppDesktop_cv1g1gvanyjgm\LocalCache\EBWebView\Default\WebStorage\QuotaManager
WARNING: File path check failure for: C:\Users\Avangarde\AppData\Local\Google\Chrome\User Data\Profile 2\WebStorage\QuotaManager
WARNING: File path check failure for: C:\Users\Avangarde\AppData\Local\Google\Chrome\User Data\Profile 2\IndexedDB\chrome-extension_gighmmpiobklfepjocnamgkkbiglidom_0.indexeddb.leveldb\000087.log
WARNING: File path check failure for: C:\Users\Avangarde\AppData\Local\Google\Chrome\User Data\Profile 2\Sync Data\LevelDB\028568.log
WARNING: File path check failure for: C:\Users\Avangarde\AppData\Local\Google\Chrome\User Data\Profile 2\Local Storage\leveldb\000005.log
WARNING: File path check failure for: C:\Users\Avangarde\AppData\Local\Google\Chrome\User Data\Profile 2\Session Storage\000006.log
WARNING: File path check failure for: C:\Users\Avangarde\AppData\Local\Google\Chrome\User Data\Profile 2\WebStorage\QuotaManager-journal
WARNING: File path check failure for: C:\Users\Avangarde\.gemini\antigravity\brain\32811d22-ea56-4491-97c9-c2b605c08512\SalDefender\clamav_logs\clamd.log
WARNING: File path check failure for: C:\Users\Avangarde\AppData\Local\Google\Chrome\User Data\Profile 2\WebStorage\QuotaManager
WARNING: File path check failure for: C:\Users\Avangarde\AppData\Local\Google\Chrome\User Data\Profile 2\Network\Reporting and NEL-journal
WARNING: File path check failure for: C:\Users\Avangarde\AppData\Local\Google\Chrome\User Data\Profile 2\Network\Reporting and NEL
WARNING: File path check failure for: C:\Users\Avangarde\AppData\Local\Google\Chrome\User Data\Profile 2\Sync Data\LevelDB\028568.log
WARNING: File path check failure for: C:\Users\Avangarde\AppData\Local\Google\Chrome\User Data\Profile 2\WebStorage\QuotaManager-journal
WARNING: File path check failure for: C:\Users\Avangarde\AppData\Local\Packages\5319275A.WhatsAppDesktop_cv1g1gvanyjgm\LocalCache\EBWebView\Default\IndexedDB\https_web.whatsapp.com_0.indexeddb.leveldb\002091.log
WARNING: File path check failure for: C:\Users\Avangarde\AppData\Local\Packages\5319275A.WhatsAppDesktop_cv1g1gvanyjgm\LocalCache\EBWebView\Default\WebStorage\QuotaManager-journal
WARNING: File path check failure for: C:\Users\Avangarde\AppData\Local\Packages\5319275A.WhatsAppDesktop_cv1g1gvanyjgm\LocalCache\EBWebView\Default\WebStorage\QuotaManager
WARNING: File path check failure for: C:\Users\Avangarde\.gemini\antigravity\brain\32811d22-ea56-4491-97c9-c2b605c08512\SalDefender\clamav_logs\clamd.log
WARNING: File path check failure for: C:\Users\Avangarde\AppData\Local\Packages\5319275A.WhatsAppDesktop_cv1g1gvanyjgm\LocalCache\EBWebView\Default\IndexedDB\https_web.whatsapp.com_0.indexeddb.leveldb\002091.log
WARNING: File path check failure for: C:\Users\Avangarde\AppData\Local\Microsoft\OneDrive\logs\Common\StandaloneUpdater-2026-02-17.1658.3848.1.aodl
WARNING: File path check failure for: C:\Users\Avangarde\.gemini\antigravity\brain\32811d22-ea56-4491-97c9-c2b605c08512\SalDefender\clamav_logs\clamd.log
WARNING: File path check failure for: C:\Users\Avangarde\AppData\Local\Microsoft\OneDrive\logs\Common\standaloneUpdaterTelemetryCache.otc-wal
WARNING: File path check failure for: C:\Users\Avangarde\AppData\Local\Microsoft\OneDrive\logs\Common\standaloneUpdaterTelemetryCache.otc-shm
WARNING: File path check failure for: C:\Users\Avangarde\AppData\Local\Microsoft\OneDrive\setup\logs\StandaloneUpdate_2026-02-17_165817_3848-22208.log
WARNING: File path check failure for: C:\Users\Avangarde\.gemini\antigravity\brain\32811d22-ea56-4491-97c9-c2b605c08512\SalDefender\clamav_logs\clamd.log
WARNING: File path check failure for: C:\Users\Avangarde\AppData\Local\Temp\BIT9906.tmp
WARNING: File path check failure for: C:\Users\Avangarde\AppData\Local\Google\Chrome\User Data\Profile 2\WebStorage\QuotaManager-journal
WARNING: File path check failure for: C:\Users\Avangarde\AppData\Local\Google\Chrome\User Data\Profile 2\WebStorage\QuotaManager
WARNING: File path check failure for: C:\Users\Avangarde\AppData\Local\Packages\5319275A.WhatsAppDesktop_cv1g1gvanyjgm\LocalCache\EBWebView\Default\IndexedDB\https_web.whatsapp.com_0.indexeddb.leveldb\002091.log
WARNING: File path check failure for: C:\Users\Avangarde\AppData\Local\Packages\5319275A.WhatsAppDesktop_cv1g1gvanyjgm\LocalCache\EBWebView\Default\WebStorage\QuotaManager-journal
WARNING: File path check failure for: C:\Users\Avangarde\AppData\Local\Packages\5319275A.WhatsAppDesktop_cv1g1gvanyjgm\LocalCache\EBWebView\Default\WebStorage\QuotaManager
WARNING: File path check failure for: C:\Users\Avangarde\.gemini\antigravity\brain\32811d22-ea56-4491-97c9-c2b605c08512\SalDefender\clamav_logs\clamd.log
WARNING: File path check failure for: C:\Users\Avangarde\AppData\Local\Packages\5319275A.WhatsAppDesktop_cv1g1gvanyjgm\LocalCache\EBWebView\Default\IndexedDB\https_web.whatsapp.com_0.indexeddb.leveldb\002091.log
WARNING: File path check failure for: C:\Users\Avangarde\.gemini\antigravity\brain\32811d22-ea56-4491-97c9-c2b605c08512\SalDefender\clamav_logs\clamd.log
WARNING: File path check failure for: C:\Users\Avangarde\AppData\Local\Packages\5319275A.WhatsAppDesktop_cv1g1gvanyjgm\LocalCache\EBWebView\Default\IndexedDB\https_web.whatsapp.com_0.indexeddb.leveldb\002091.log
WARNING: File path check failure for: C:\Users\Avangarde\AppData\Roaming\Pantum\pt2500\pt2500Csm.dat
WARNING: File path check failure for: C:\Users\Avangarde\.gemini\antigravity\brain\32811d22-ea56-4491-97c9-c2b605c08512\SalDefender\clamav_logs\clamd.log
WARNING: File path check failure for: C:\Users\Avangarde\AppData\Local\Packages\5319275A.WhatsAppDesktop_cv1g1gvanyjgm\LocalCache\EBWebView\Default\WebStorage\QuotaManager-journal
WARNING: File path check failure for: C:\Users\Avangarde\AppData\Local\Packages\5319275A.WhatsAppDesktop_cv1g1gvanyjgm\LocalCache\EBWebView\Default\WebStorage\QuotaManager
WARNING: File path check failure for: C:\Users\Avangarde\AppData\Roaming\Pantum\pt2500\pt2500Csm.dat
WARNING: File path check failure for: C:\Users\Avangarde\.gemini\antigravity\brain\32811d22-ea56-4491-97c9-c2b605c08512\SalDefender\clamav_logs\clamd.log
WARNING: File path check failure for: C:\Users\Avangarde\AppData\Roaming\Pantum\pt2500\pt2500Csm.dat
WARNING: File path check failure for: C:\Users\Avangarde\AppData\Local\Packages\5319275A.WhatsAppDesktop_cv1g1gvanyjgm\LocalCache\EBWebView\Default\IndexedDB\https_web.whatsapp.com_0.indexeddb.leveldb\002091.log
WARNING: File path check failure for: C:\Users\Avangarde\AppData\Local\Packages\5319275A.WhatsAppDesktop_cv1g1gvanyjgm\LocalCache\EBWebView\Default\IndexedDB\https_web.whatsapp.com_0.indexeddb.leveldb\002091.log
WARNING: File path check failure for: C:\Users\Avangarde\.gemini\antigravity\brain\32811d22-ea56-4491-97c9-c2b605c08512\SalDefender\clamav_logs\clamd.log
WARNING: File path check failure for: C:\Users\Avangarde\AppData\Roaming\Pantum\pt2500\pt2500Csm.dat
WARNING: File path check failure for: C:\Users\Avangarde\AppData\Local\Packages\5319275A.WhatsAppDesktop_cv1g1gvanyjgm\LocalCache\EBWebView\Default\WebStorage\QuotaManager-journal
WARNING: File path check failure for: C:\Users\Avangarde\AppData\Local\Packages\5319275A.WhatsAppDesktop_cv1g1gvanyjgm\LocalCache\EBWebView\Default\WebStorage\QuotaManager-journal
WARNING: File path check failure for: C:\Users\Avangarde\AppData\Local\Packages\5319275A.WhatsAppDesktop_cv1g1gvanyjgm\LocalCache\EBWebView\Default\WebStorage\QuotaManager
WARNING: File path check failure for: C:\Users\Avangarde\.gemini\antigravity\brain\32811d22-ea56-4491-97c9-c2b605c08512\SalDefender\clamav_logs\clamd.log
WARNING: File path check failure for: C:\Users\Avangarde\AppData\Local\Packages\Microsoft.Todos_8wekyb3d8bbwe\LocalState\AccountsRoot\9a7a1015f3ab4ec3a5cecd5faa8121fc\todosqlite.db-wal
WARNING: File path check failure for: C:\Users\Avangarde\AppData\Roaming\Pantum\pt2500\pt2500Csm.dat
WARNING: File path check failure for: C:\Users\Avangarde\.gemini\antigravity\brain\32811d22-ea56-4491-97c9-c2b605c08512\SalDefender\clamav_logs\clamd.log
WARNING: File path check failure for: C:\Users\Avangarde\AppData\Local\Packages\5319275A.WhatsAppDesktop_cv1g1gvanyjgm\LocalCache\EBWebView\Default\IndexedDB\https_web.whatsapp.com_0.indexeddb.leveldb\002091.log
WARNING: File path check failure for: C:\Users\Avangarde\AppData\Local\Packages\5319275A.WhatsAppDesktop_cv1g1gvanyjgm\LocalCache\EBWebView\Default\IndexedDB\https_web.whatsapp.com_0.indexeddb.leveldb\002091.log
WARNING: File path check failure for: C:\Users\Avangarde\AppData\Local\Packages\5319275A.WhatsAppDesktop_cv1g1gvanyjgm\LocalCache\EBWebView\Default\WebStorage\QuotaManager-journal
WARNING: File path check failure for: C:\Users\Avangarde\AppData\Local\Packages\5319275A.WhatsAppDesktop_cv1g1gvanyjgm\LocalCache\EBWebView\Default\WebStorage\QuotaManager-journal
WARNING: File path check failure for: C:\Users\Avangarde\AppData\Local\Packages\5319275A.WhatsAppDesktop_cv1g1gvanyjgm\LocalCache\EBWebView\Default\WebStorage\QuotaManager
WARNING: File path check failure for: C:\Users\Avangarde\.gemini\antigravity\brain\32811d22-ea56-4491-97c9-c2b605c08512\SalDefender\clamav_logs\clamd.log
WARNING: File path check failure for: C:\Users\Avangarde\AppData\Roaming\Pantum\pt2500\pt2500Csm.dat
WARNING: File path check failure for: C:\Users\Avangarde\AppData\Roaming\Pantum\pt2500\pt2500Csm.dat
WARNING: File path check failure for: C:\Users\Avangarde\.gemini\antigravity\brain\32811d22-ea56-4491-97c9-c2b605c08512\SalDefender\clamav_logs\clamd.log
WARNING: File path check failure for: C:\Users\Avangarde\AppData\Roaming\Pantum\pt2500\pt2500Csm.dat
WARNING: File path check failure for: C:\Users\Avangarde\AppData\Local\Packages\5319275A.WhatsAppDesktop_cv1g1gvanyjgm\LocalCache\EBWebView\Default\IndexedDB\https_web.whatsapp.com_0.indexeddb.leveldb\002091.log
WARNING: File path check failure for: C:\Users\Avangarde\AppData\Local\Packages\5319275A.WhatsAppDesktop_cv1g1gvanyjgm\LocalCache\EBWebView\Default\WebStorage\QuotaManager-journal
WARNING: File path check failure for: C:\Users\Avangarde\AppData\Local\Packages\5319275A.WhatsAppDesktop_cv1g1gvanyjgm\LocalCache\EBWebView\Default\WebStorage\QuotaManager-journal
WARNING: File path check failure for: C:\Users\Avangarde\AppData\Local\Packages\5319275A.WhatsAppDesktop_cv1g1gvanyjgm\LocalCache\EBWebView\Default\WebStorage\QuotaManager
WARNING: File path check failure for: C:\Users\Avangarde\.gemini\antigravity\brain\32811d22-ea56-4491-97c9-c2b605c08512\SalDefender\clamav_logs\clamd.log
WARNING: File path check failure for: C:\Users\Avangarde\.gemini\antigravity\brain\32811d22-ea56-4491-97c9-c2b605c08512\SalDefender\clamav_logs\clamd.log
WARNING: File path check failure for: C:\Users\Avangarde\AppData\Roaming\Pantum\pt2500\pt2500Csm.dat
WARNING: File path check failure for: C:\Users\Avangarde\AppData\Local\Google\Chrome\User Data\Profile 2\WebStorage\QuotaManager-journal
WARNING: File path check failure for: C:\Users\Avangarde\AppData\Local\Google\Chrome\User Data\Profile 2\WebStorage\QuotaManager
WARNING: File path check failure for: C:\Users\Avangarde\AppData\Local\Packages\5319275A.WhatsAppDesktop_cv1g1gvanyjgm\LocalCache\EBWebView\Default\IndexedDB\https_web.whatsapp.com_0.indexeddb.leveldb\002091.log
WARNING: File path check failure for: C:\Users\Avangarde\.gemini\antigravity\brain\32811d22-ea56-4491-97c9-c2b605c08512\SalDefender\clamav_logs\clamd.log
WARNING: File path check failure for: C:\Users\Avangarde\AppData\Roaming\Pantum\pt2500\pt2500Csm.dat
WARNING: File path check failure for: C:\Users\Avangarde\AppData\Roaming\Pantum\pt2500\pt2500Csm.dat
WARNING: File path check failure for: C:\Users\Avangarde\.gemini\antigravity\brain\32811d22-ea56-4491-97c9-c2b605c08512\SalDefender\clamav_logs\clamd.log
WARNING: File path check failure for: C:\Users\Avangarde\AppData\Local\Packages\5319275A.WhatsAppDesktop_cv1g1gvanyjgm\LocalCache\EBWebView\Default\WebStorage\QuotaManager-journal
WARNING: File path check failure for: C:\Users\Avangarde\AppData\Local\Packages\5319275A.WhatsAppDesktop_cv1g1gvanyjgm\LocalCache\EBWebView\Default\WebStorage\QuotaManager-journal
WARNING: File path check failure for: C:\Users\Avangarde\AppData\Local\Packages\5319275A.WhatsAppDesktop_cv1g1gvanyjgm\LocalCache\EBWebView\Default\WebStorage\QuotaManager
WARNING: File path check failure for: C:\Users\Avangarde\AppData\Local\Google\Chrome\User Data\Profile 2\Network\Reporting and NEL-journal
WARNING: File path check failure for: C:\Users\Avangarde\AppData\Local\Google\Chrome\User Data\Profile 2\Network\Reporting and NEL
WARNING: File path check failure for: C:\Users\Avangarde\.gemini\antigravity\brain\32811d22-ea56-4491-97c9-c2b605c08512\SalDefender\clamav_logs\clamd.log
WARNING: File path check failure for: C:\Users\Avangarde\AppData\Local\Packages\5319275A.WhatsAppDesktop_cv1g1gvanyjgm\LocalCache\EBWebView\Default\IndexedDB\https_web.whatsapp.com_0.indexeddb.leveldb\002091.log
WARNING: File path check failure for: C:\Users\Avangarde\AppData\Roaming\Pantum\pt2500\pt2500Csm.dat
WARNING: File path check failure for: C:\Users\Avangarde\.gemini\antigravity\brain\32811d22-ea56-4491-97c9-c2b605c08512\SalDefender\clamav_logs\clamd.log
WARNING: File path check failure for: C:\Users\Avangarde\AppData\Local\Packages\5319275A.WhatsAppDesktop_cv1g1gvanyjgm\LocalCache\EBWebView\Default\WebStorage\QuotaManager-journal
WARNING: File path check failure for: C:\Users\Avangarde\AppData\Local\Packages\5319275A.WhatsAppDesktop_cv1g1gvanyjgm\LocalCache\EBWebView\Default\WebStorage\QuotaManager-journal
WARNING: File path check failure for: C:\Users\Avangarde\AppData\Local\Packages\5319275A.WhatsAppDesktop_cv1g1gvanyjgm\LocalCache\EBWebView\Default\WebStorage\QuotaManager
WARNING: File path check failure for: C:\Users\Avangarde\AppData\Roaming\Pantum\pt2500\pt2500Csm.dat
WARNING: File path check failure for: C:\Users\Avangarde\.gemini\antigravity\brain\32811d22-ea56-4491-97c9-c2b605c08512\SalDefender\clamav_logs\clamd.log
WARNING: File path check failure for: C:\Users\Avangarde\AppData\Roaming\Pantum\pt2500\pt2500Csm.dat
WARNING: File path check failure for: C:\Users\Avangarde\AppData\Local\Packages\5319275A.WhatsAppDesktop_cv1g1gvanyjgm\LocalCache\EBWebView\Default\IndexedDB\https_web.whatsapp.com_0.indexeddb.leveldb\002091.log
WARNING: File path check failure for: C:\Users\Avangarde\.gemini\antigravity\brain\32811d22-ea56-4491-97c9-c2b605c08512\SalDefender\clamav_logs\clamd.log
WARNING: File path check failure for: C:\Users\Avangarde\AppData\Local\Packages\5319275A.WhatsAppDesktop_cv1g1gvanyjgm\LocalCache\EBWebView\Default\WebStorage\QuotaManager-journal
WARNING: File path check failure for: C:\Users\Avangarde\AppData\Local\Packages\5319275A.WhatsAppDesktop_cv1g1gvanyjgm\LocalCache\EBWebView\Default\WebStorage\QuotaManager-journal
WARNING: File path check failure for: C:\Users\Avangarde\AppData\Local\Packages\5319275A.WhatsAppDesktop_cv1g1gvanyjgm\LocalCache\EBWebView\Default\WebStorage\QuotaManager
WARNING: File path check failure for: C:\Users\Avangarde\AppData\Roaming\Pantum\pt2500\pt2500Csm.dat
WARNING: File path check failure for: C:\Users\Avangarde\.gemini\antigravity\brain\32811d22-ea56-4491-97c9-c2b605c08512\SalDefender\clamav_logs\clamd.log
WARNING: File path check failure for: C:\Users\Avangarde\AppData\Roaming\Pantum\pt2500\pt2500Csm.dat
WARNING: File path check failure for: C:\Users\Avangarde\AppData\Roaming\Pantum\pt2500\pt2500Csm.dat
WARNING: File path check failure for: C:\Users\Avangarde\.gemini\antigravity\brain\32811d22-ea56-4491-97c9-c2b605c08512\SalDefender\clamav_logs\clamd.log
WARNING: File path check failure for: C:\Users\Avangarde\AppData\Local\Packages\5319275A.WhatsAppDesktop_cv1g1gvanyjgm\LocalCache\EBWebView\Default\IndexedDB\https_web.whatsapp.com_0.indexeddb.leveldb\002091.log
WARNING: File path check failure for: C:\Users\Avangarde\AppData\Local\Packages\5319275A.WhatsAppDesktop_cv1g1gvanyjgm\LocalCache\EBWebView\Default\IndexedDB\https_web.whatsapp.com_0.indexeddb.leveldb\002091.log
WARNING: File path check failure for: C:\Users\Avangarde\AppData\Roaming\Pantum\pt2500\pt2500Csm.dat
WARNING: File path check failure for: C:\Users\Avangarde\.gemini\antigravity\brain\32811d22-ea56-4491-97c9-c2b605c08512\SalDefender\clamav_logs\clamd.log
WARNING: File path check failure for: C:\Users\Avangarde\AppData\Roaming\Pantum\pt2500\pt2500Csm.dat
WARNING: File path check failure for: C:\Users\Avangarde\AppData\Local\Packages\5319275A.WhatsAppDesktop_cv1g1gvanyjgm\LocalCache\EBWebView\Default\WebStorage\QuotaManager-journal
C:\Users\Avangarde\AppData\Local\Packages\5319275A.WhatsAppDesktop_cv1g1gvanyjgm\LocalCache\EBWebView\Default\WebStorage\QuotaManager-journal: Can't allocate memory ERROR
WARNING: File path check failure for: C:\Users\Avangarde\AppData\Local\Packages\5319275A.WhatsAppDesktop_cv1g1gvanyjgm\LocalCache\EBWebView\Default\WebStorage\QuotaManager-journal
WARNING: File path check failure for: C:\Users\Avangarde\AppData\Local\Packages\5319275A.WhatsAppDesktop_cv1g1gvanyjgm\LocalCache\EBWebView\Default\WebStorage\QuotaManager
WARNING: File path check failure for: C:\Users\Avangarde\AppData\Roaming\Pantum\pt2500\pt2500Csm.dat
WARNING: File path check failure for: C:\Users\Avangarde\.gemini\antigravity\brain\32811d22-ea56-4491-97c9-c2b605c08512\SalDefender\clamav_logs\clamd.log
WARNING: File path check failure for: C:\Users\Avangarde\AppData\Roaming\Pantum\pt2500\pt2500Csm.dat
WARNING: File path check failure for: C:\Users\Avangarde\AppData\Local\Packages\5319275A.WhatsAppDesktop_cv1g1gvanyjgm\LocalCache\EBWebView\Default\IndexedDB\https_web.whatsapp.com_0.indexeddb.leveldb\002091.log
WARNING: File path check failure for: C:\Users\Avangarde\.gemini\antigravity\brain\32811d22-ea56-4491-97c9-c2b605c08512\SalDefender\clamav_logs\clamd.log
WARNING: File path check failure for: C:\Users\Avangarde\AppData\Roaming\Pantum\pt2500\pt2500Csm.dat
WARNING: File path check failure for: C:\Users\Avangarde\AppData\Local\Packages\5319275A.WhatsAppDesktop_cv1g1gvanyjgm\LocalCache\EBWebView\Default\WebStorage\QuotaManager-journal
WARNING: File path check failure for: C:\Users\Avangarde\AppData\Local\Packages\5319275A.WhatsAppDesktop_cv1g1gvanyjgm\LocalCache\EBWebView\Default\WebStorage\QuotaManager-journal
WARNING: File path check failure for: C:\Users\Avangarde\AppData\Local\Packages\5319275A.WhatsAppDesktop_cv1g1gvanyjgm\LocalCache\EBWebView\Default\WebStorage\QuotaManager
WARNING: File path check failure for: C:\Users\Avangarde\.gemini\antigravity\brain\32811d22-ea56-4491-97c9-c2b605c08512\SalDefender\clamav_logs\clamd.log
WARNING: File path check failure for: C:\Users\Avangarde\AppData\Roaming\Pantum\pt2500\pt2500Csm.dat
WARNING: File path check failure for: C:\Users\Avangarde\AppData\Local\Packages\5319275A.WhatsAppDesktop_cv1g1gvanyjgm\LocalCache\EBWebView\Default\IndexedDB\https_web.whatsapp.com_0.indexeddb.leveldb\002091.log
WARNING: File path check failure for: C:\Users\Avangarde\.gemini\antigravity\brain\32811d22-ea56-4491-97c9-c2b605c08512\SalDefender\clamav_logs\clamd.log
WARNING: File path check failure for: C:\Users\Avangarde\AppData\Roaming\Pantum\pt2500\pt2500Csm.dat
WARNING: File path check failure for: C:\Users\Avangarde\AppData\Roaming\Pantum\pt2500\pt2500Csm.dat
WARNING: File path check failure for: C:\Users\Avangarde\.gemini\antigravity\brain\32811d22-ea56-4491-97c9-c2b605c08512\SalDefender\clamav_logs\clamd.log
WARNING: File path check failure for: C:\Users\Avangarde\AppData\Roaming\Pantum\pt2500\pt2500Csm.dat
WARNING: File path check failure for: C:\Users\Avangarde\AppData\Local\Packages\5319275A.WhatsAppDesktop_cv1g1gvanyjgm\LocalCache\EBWebView\Default\WebStorage\QuotaManager-journal
WARNING: File path check failure for: C:\Users\Avangarde\AppData\Local\Packages\5319275A.WhatsAppDesktop_cv1g1gvanyjgm\LocalCache\EBWebView\Default\WebStorage\QuotaManager-journal
WARNING: File path check failure for: C:\Users\Avangarde\AppData\Local\Packages\5319275A.WhatsAppDesktop_cv1g1gvanyjgm\LocalCache\EBWebView\Default\WebStorage\QuotaManager
WARNING: File path check failure for: C:\Users\Avangarde\.gemini\antigravity\brain\32811d22-ea56-4491-97c9-c2b605c08512\SalDefender\clamav_logs\clamd.log
WARNING: File path check failure for: C:\Users\Avangarde\AppData\Roaming\Pantum\pt2500\pt2500Csm.dat
SelfCheck: Database status OK.
WARNING: File path check failure for: C:\Users\Avangarde\AppData\Roaming\Pantum\pt2500\pt2500Csm.dat
WARNING: File path check failure for: C:\Users\Avangarde\.gemini\antigravity\brain\32811d22-ea56-4491-97c9-c2b605c08512\SalDefender\clamav_logs\clamd.log
WARNING: File path check failure for: C:\Users\Avangarde\AppData\Local\Packages\5319275A.WhatsAppDesktop_cv1g1gvanyjgm\LocalCache\EBWebView\Default\IndexedDB\https_web.whatsapp.com_0.indexeddb.leveldb\002091.log
WARNING: File path check failure for: C:\Users\Avangarde\AppData\Roaming\Pantum\pt2500\pt2500Csm.dat
WARNING: File path check failure for: C:\Users\Avangarde\.gemini\antigravity\brain\32811d22-ea56-4491-97c9-c2b605c08512\SalDefender\clamav_logs\clamd.log
WARNING: File path check failure for: C:\Users\Avangarde\AppData\Roaming\Pantum\pt2500\pt2500Csm.dat
WARNING: File path check failure for: C:\Users\Avangarde\AppData\Local\Packages\5319275A.WhatsAppDesktop_cv1g1gvanyjgm\LocalCache\EBWebView\Default\WebStorage\QuotaManager-journal
WARNING: File path check failure for: C:\Users\Avangarde\AppData\Local\Packages\5319275A.WhatsAppDesktop_cv1g1gvanyjgm\LocalCache\EBWebView\Default\WebStorage\QuotaManager-journal
WARNING: File path check failure for: C:\Users\Avangarde\.gemini\antigravity\brain\32811d22-ea56-4491-97c9-c2b605c08512\SalDefender\clamav_logs\clamd.log
WARNING: File path check failure for: C:\Users\Avangarde\AppData\Local\Packages\5319275A.WhatsAppDesktop_cv1g1gvanyjgm\LocalCache\EBWebView\Default\WebStorage\QuotaManager
WARNING: File path check failure for: C:\Users\Avangarde\AppData\Roaming\Pantum\pt2500\pt2500Csm.dat
WARNING: File path check failure for: C:\Users\Avangarde\.gemini\antigravity\brain\32811d22-ea56-4491-97c9-c2b605c08512\SalDefender\clamav_logs\clamd.log
WARNING: File path check failure for: C:\Users\Avangarde\AppData\Roaming\Pantum\pt2500\pt2500Csm.dat
WARNING: File path check failure for: C:\Users\Avangarde\AppData\Local\Packages\5319275A.WhatsAppDesktop_cv1g1gvanyjgm\LocalCache\EBWebView\Default\IndexedDB\https_web.whatsapp.com_0.indexeddb.leveldb\002091.log
WARNING: File path check failure for: C:\Users\Avangarde\.gemini\antigravity\brain\32811d22-ea56-4491-97c9-c2b605c08512\SalDefender\clamav_logs\clamd.log
WARNING: File path check failure for: C:\Users\Avangarde\AppData\Local\Packages\5319275A.WhatsAppDesktop_cv1g1gvanyjgm\LocalCache\EBWebView\Default\WebStorage\QuotaManager-journal
WARNING: File path check failure for: C:\Users\Avangarde\AppData\Local\Packages\5319275A.WhatsAppDesktop_cv1g1gvanyjgm\LocalCache\EBWebView\Default\WebStorage\QuotaManager
WARNING: File path check failure for: C:\Users\Avangarde\AppData\Roaming\Pantum\pt2500\pt2500Csm.dat
WARNING: File path check failure for: C:\Users\Avangarde\.gemini\antigravity\brain\32811d22-ea56-4491-97c9-c2b605c08512\SalDefender\clamav_logs\clamd.log
WARNING: File path check failure for: C:\Users\Avangarde\AppData\Local\Packages\5319275A.WhatsAppDesktop_cv1g1gvanyjgm\LocalCache\EBWebView\Default\IndexedDB\https_web.whatsapp.com_0.indexeddb.leveldb\002091.log
WARNING: File path check failure for: C:\Users\Avangarde\AppData\Local\Packages\5319275A.WhatsAppDesktop_cv1g1gvanyjgm\LocalCache\EBWebView\Default\IndexedDB\https_web.whatsapp.com_0.indexeddb.leveldb\002091.log
WARNING: File path check failure for: C:\Users\Avangarde\AppData\Local\Packages\5319275A.WhatsAppDesktop_cv1g1gvanyjgm\LocalCache\EBWebView\Default\WebStorage\QuotaManager-journal
WARNING: File path check failure for: C:\Users\Avangarde\AppData\Local\Packages\5319275A.WhatsAppDesktop_cv1g1gvanyjgm\LocalCache\EBWebView\Default\WebStorage\QuotaManager
WARNING: File path check failure for: C:\Users\Avangarde\.gemini\antigravity\brain\32811d22-ea56-4491-97c9-c2b605c08512\SalDefender\clamav_logs\clamd.log
WARNING: File path check failure for: C:\Users\Avangarde\AppData\Local\Google\Chrome\User Data\Safe Browsing\UrlSoceng.store.4_13415821556563732
WARNING: File path check failure for: C:\Users\Avangarde\AppData\Roaming\Pantum\pt2500\pt2500Csm.dat
WARNING: File path check failure for: C:\Users\Avangarde\.gemini\antigravity\brain\32811d22-ea56-4491-97c9-c2b605c08512\SalDefender\clamav_logs\clamd.log
WARNING: File path check failure for: C:\Users\Avangarde\AppData\Local\Packages\5319275A.WhatsAppDesktop_cv1g1gvanyjgm\LocalCache\EBWebView\Default\IndexedDB\https_web.whatsapp.com_0.indexeddb.leveldb\002091.log
WARNING: File path check failure for: C:\Users\Avangarde\AppData\Roaming\Pantum\pt2500\pt2500Csm.dat
WARNING: File path check failure for: C:\Users\Avangarde\.gemini\antigravity\brain\32811d22-ea56-4491-97c9-c2b605c08512\SalDefender\clamav_logs\clamd.log
WARNING: File path check failure for: C:\Users\Avangarde\AppData\Local\Packages\5319275A.WhatsAppDesktop_cv1g1gvanyjgm\LocalCache\EBWebView\Default\WebStorage\QuotaManager-journal
WARNING: File path check failure for: C:\Users\Avangarde\AppData\Local\Packages\5319275A.WhatsAppDesktop_cv1g1gvanyjgm\LocalCache\EBWebView\Default\WebStorage\QuotaManager-journal
WARNING: File path check failure for: C:\Users\Avangarde\AppData\Local\Packages\5319275A.WhatsAppDesktop_cv1g1gvanyjgm\LocalCache\EBWebView\Default\WebStorage\QuotaManager
WARNING: File path check failure for: C:\Users\Avangarde\AppData\Local\Google\Chrome\User Data\Profile 2\Network\Reporting and NEL-journal
WARNING: File path check failure for: C:\Users\Avangarde\AppData\Local\Google\Chrome\User Data\Profile 2\Network\Reporting and NEL
WARNING: File path check failure for: C:\Users\Avangarde\.gemini\antigravity\brain\32811d22-ea56-4491-97c9-c2b605c08512\SalDefender\clamav_logs\clamd.log
WARNING: File path check failure for: C:\Users\Avangarde\AppData\Roaming\Pantum\pt2500\pt2500Csm.dat
WARNING: File path check failure for: C:\Users\Avangarde\AppData\Local\Packages\5319275A.WhatsAppDesktop_cv1g1gvanyjgm\LocalCache\EBWebView\Default\IndexedDB\https_web.whatsapp.com_0.indexeddb.leveldb\002091.log
WARNING: File path check failure for: C:\Users\Avangarde\.gemini\antigravity\brain\32811d22-ea56-4491-97c9-c2b605c08512\SalDefender\clamav_logs\clamd.log
WARNING: File path check failure for: C:\Users\Avangarde\AppData\Roaming\Pantum\pt2500\pt2500Csm.dat
WARNING: File path check failure for: C:\Users\Avangarde\AppData\Roaming\Pantum\pt2500\pt2500Csm.dat
WARNING: File path check failure for: C:\Users\Avangarde\.gemini\antigravity\brain\32811d22-ea56-4491-97c9-c2b605c08512\SalDefender\clamav_logs\clamd.log
WARNING: File path check failure for: C:\Users\Avangarde\AppData\Local\Packages\5319275A.WhatsAppDesktop_cv1g1gvanyjgm\LocalCache\EBWebView\Default\WebStorage\QuotaManager-journal
WARNING: File path check failure for: C:\Users\Avangarde\AppData\Local\Packages\5319275A.WhatsAppDesktop_cv1g1gvanyjgm\LocalCache\EBWebView\Default\WebStorage\QuotaManager-journal
WARNING: File path check failure for: C:\Users\Avangarde\AppData\Local\Packages\5319275A.WhatsAppDesktop_cv1g1gvanyjgm\LocalCache\EBWebView\Default\WebStorage\QuotaManager
WARNING: File path check failure for: C:\Users\Avangarde\AppData\Local\Google\Chrome\User Data\Profile 2\WebStorage\QuotaManager-journal
WARNING: File path check failure for: C:\Users\Avangarde\AppData\Local\Google\Chrome\User Data\Profile 2\WebStorage\QuotaManager-journal
WARNING: File path check failure for: C:\Users\Avangarde\AppData\Local\Google\Chrome\User Data\Profile 2\WebStorage\QuotaManager
WARNING: File path check failure for: C:\Users\Avangarde\.gemini\antigravity\brain\32811d22-ea56-4491-97c9-c2b605c08512\SalDefender\clamav_logs\clamd.log
WARNING: File path check failure for: C:\Users\Avangarde\AppData\Roaming\Pantum\pt2500\pt2500Csm.dat
WARNING: File path check failure for: C:\Users\Avangarde\AppData\Roaming\Pantum\pt2500\pt2500Csm.dat
WARNING: File path check failure for: C:\Users\Avangarde\.gemini\antigravity\brain\32811d22-ea56-4491-97c9-c2b605c08512\SalDefender\clamav_logs\clamd.log
WARNING: File path check failure for: C:\Users\Avangarde\AppData\Local\Packages\5319275A.WhatsAppDesktop_cv1g1gvanyjgm\LocalCache\EBWebView\Default\IndexedDB\https_web.whatsapp.com_0.indexeddb.leveldb\002091.log
WARNING: File path check failure for: C:\Users\Avangarde\AppData\Roaming\Pantum\pt2500\pt2500Csm.dat
WARNING: File path check failure for: C:\Users\Avangarde\.gemini\antigravity\brain\32811d22-ea56-4491-97c9-c2b605c08512\SalDefender\clamav_logs\clamd.log
WARNING: File path check failure for: C:\Users\Avangarde\AppData\Roaming\Pantum\pt2500\pt2500Csm.dat
WARNING: File path check failure for: C:\Users\Avangarde\AppData\Local\Packages\5319275A.WhatsAppDesktop_cv1g1gvanyjgm\LocalCache\EBWebView\Default\WebStorage\QuotaManager-journal
WARNING: File path check failure for: C:\Users\Avangarde\AppData\Local\Packages\5319275A.WhatsAppDesktop_cv1g1gvanyjgm\LocalCache\EBWebView\Default\WebStorage\QuotaManager-journal
WARNING: File path check failure for: C:\Users\Avangarde\AppData\Local\Packages\5319275A.WhatsAppDesktop_cv1g1gvanyjgm\LocalCache\EBWebView\Default\WebStorage\QuotaManager
WARNING: File path check failure for: C:\Users\Avangarde\.gemini\antigravity\brain\32811d22-ea56-4491-97c9-c2b605c08512\SalDefender\clamav_logs\clamd.log
WARNING: File path check failure for: C:\Users\Avangarde\AppData\Roaming\Pantum\pt2500\pt2500Csm.dat
WARNING: File path check failure for: C:\Users\Avangarde\AppData\Local\Packages\5319275A.WhatsAppDesktop_cv1g1gvanyjgm\LocalCache\EBWebView\Default\IndexedDB\https_web.whatsapp.com_0.indexeddb.leveldb\002091.log
WARNING: File path check failure for: C:\Users\Avangarde\.gemini\antigravity\brain\32811d22-ea56-4491-97c9-c2b605c08512\SalDefender\clamav_logs\clamd.log
WARNING: File path check failure for: C:\Users\Avangarde\AppData\Roaming\Pantum\pt2500\pt2500Csm.dat
WARNING: File path check failure for: C:\Users\Avangarde\AppData\Local\Packages\5319275A.WhatsAppDesktop_cv1g1gvanyjgm\LocalCache\EBWebView\Default\WebStorage\QuotaManager-journal
WARNING: File path check failure for: C:\Users\Avangarde\AppData\Local\Packages\5319275A.WhatsAppDesktop_cv1g1gvanyjgm\LocalCache\EBWebView\Default\WebStorage\QuotaManager-journal
WARNING: File path check failure for: C:\Users\Avangarde\.gemini\antigravity\brain\32811d22-ea56-4491-97c9-c2b605c08512\SalDefender\clamav_logs\clamd.log
WARNING: File path check failure for: C:\Users\Avangarde\AppData\Local\Packages\5319275A.WhatsAppDesktop_cv1g1gvanyjgm\LocalCache\EBWebView\Default\WebStorage\QuotaManager
WARNING: File path check failure for: C:\Users\Avangarde\AppData\Local\Microsoft\OneDrive\logs\ListSync\Common\microsoftNucleusTelemetryCache.otc-wal
WARNING: File path check failure for: C:\Users\Avangarde\AppData\Local\Packages\5319275A.WhatsAppDesktop_cv1g1gvanyjgm\LocalCache\EBWebView\Default\IndexedDB\https_web.whatsapp.com_0.indexeddb.leveldb\002091.log
WARNING: File path check failure for: C:\Users\Avangarde\AppData\Local\Packages\5319275A.WhatsAppDesktop_cv1g1gvanyjgm\LocalCache\EBWebView\Default\WebStorage\QuotaManager-journal
WARNING: File path check failure for: C:\Users\Avangarde\AppData\Local\Packages\5319275A.WhatsAppDesktop_cv1g1gvanyjgm\LocalCache\EBWebView\Default\WebStorage\QuotaManager
WARNING: File path check failure for: C:\Users\Avangarde\.gemini\antigravity\brain\32811d22-ea56-4491-97c9-c2b605c08512\SalDefender\clamav_logs\clamd.log
WARNING: File path check failure for: C:\Users\Avangarde\AppData\Local\Packages\5319275A.WhatsAppDesktop_cv1g1gvanyjgm\LocalCache\EBWebView\Default\IndexedDB\https_web.whatsapp.com_0.indexeddb.leveldb\002091.log
WARNING: File path check failure for: C:\Users\Avangarde\AppData\Roaming\Pantum\pt2500\pt2500Csm.dat
WARNING: File path check failure for: C:\Users\Avangarde\.gemini\antigravity\brain\32811d22-ea56-4491-97c9-c2b605c08512\SalDefender\clamav_logs\clamd.log
WARNING: File path check failure for: C:\Users\Avangarde\AppData\Roaming\Pantum\pt2500\pt2500Csm.dat
WARNING: File path check failure for: C:\Users\Avangarde\AppData\Local\Packages\5319275A.WhatsAppDesktop_cv1g1gvanyjgm\LocalCache\EBWebView\Default\IndexedDB\https_web.whatsapp.com_0.indexeddb.leveldb\002091.log
WARNING: File path check failure for: C:\Users\Avangarde\.gemini\antigravity\brain\32811d22-ea56-4491-97c9-c2b605c08512\SalDefender\clamav_logs\clamd.log
WARNING: File path check failure for: C:\Users\Avangarde\AppData\Local\Packages\5319275A.WhatsAppDesktop_cv1g1gvanyjgm\LocalCache\EBWebView\Default\WebStorage\QuotaManager-journal
WARNING: File path check failure for: C:\Users\Avangarde\AppData\Local\Packages\5319275A.WhatsAppDesktop_cv1g1gvanyjgm\LocalCache\EBWebView\Default\WebStorage\QuotaManager-journal
WARNING: File path check failure for: C:\Users\Avangarde\AppData\Local\Packages\5319275A.WhatsAppDesktop_cv1g1gvanyjgm\LocalCache\EBWebView\Default\WebStorage\QuotaManager
WARNING: File path check failure for: C:\Users\Avangarde\AppData\Local\Google\Chrome\User Data\Profile 2\Network\Reporting and NEL-journal
WARNING: File path check failure for: C:\Users\Avangarde\AppData\Local\Google\Chrome\User Data\Profile 2\Network\Reporting and NEL-journal
WARNING: File path check failure for: C:\Users\Avangarde\AppData\Local\Google\Chrome\User Data\Profile 2\Network\Reporting and NEL
WARNING: File path check failure for: C:\Users\Avangarde\.gemini\antigravity\brain\32811d22-ea56-4491-97c9-c2b605c08512\SalDefender\clamav_logs\clamd.log
WARNING: File path check failure for: C:\Users\Avangarde\AppData\Local\Packages\5319275A.WhatsAppDesktop_cv1g1gvanyjgm\LocalCache\EBWebView\Default\IndexedDB\https_web.whatsapp.com_0.indexeddb.leveldb\002091.log
WARNING: File path check failure for: C:\Users\Avangarde\AppData\Local\Packages\5319275A.WhatsAppDesktop_cv1g1gvanyjgm\LocalCache\EBWebView\Default\WebStorage\QuotaManager-journal
WARNING: File path check failure for: C:\Users\Avangarde\AppData\Local\Packages\5319275A.WhatsAppDesktop_cv1g1gvanyjgm\LocalCache\EBWebView\Default\WebStorage\QuotaManager
WARNING: File path check failure for: C:\Users\Avangarde\AppData\Local\Packages\5319275A.WhatsAppDesktop_cv1g1gvanyjgm\LocalCache\EBWebView\Default\IndexedDB\https_web.whatsapp.com_0.indexeddb.leveldb\002091.log
WARNING: File path check failure for: C:\Users\Avangarde\AppData\Roaming\Pantum\pt2500\pt2500Csm.dat
WARNING: File path check failure for: C:\Users\Avangarde\.gemini\antigravity\brain\32811d22-ea56-4491-97c9-c2b605c08512\SalDefender\clamav_logs\clamd.log
WARNING: File path check failure for: C:\Users\Avangarde\AppData\Roaming\Pantum\pt2500\pt2500Csm.dat
WARNING: File path check failure for: C:\Users\Avangarde\AppData\Roaming\Pantum\pt2500\pt2500Csm.dat
WARNING: File path check failure for: C:\Users\Avangarde\.gemini\antigravity\brain\32811d22-ea56-4491-97c9-c2b605c08512\SalDefender\clamav_logs\clamd.log
WARNING: File path check failure for: C:\Users\Avangarde\AppData\Roaming\Pantum\pt2500\pt2500Csm.dat
WARNING: File path check failure for: C:\Users\Avangarde\AppData\Local\Packages\5319275A.WhatsAppDesktop_cv1g1gvanyjgm\LocalCache\EBWebView\Default\IndexedDB\https_web.whatsapp.com_0.indexeddb.leveldb\002091.log
WARNING: File path check failure for: C:\Users\Avangarde\.gemini\antigravity\brain\32811d22-ea56-4491-97c9-c2b605c08512\SalDefender\clamav_logs\clamd.log
WARNING: File path check failure for: C:\Users\Avangarde\AppData\Local\Packages\5319275A.WhatsAppDesktop_cv1g1gvanyjgm\LocalCache\EBWebView\Default\WebStorage\QuotaManager-journal
WARNING: File path check failure for: C:\Users\Avangarde\AppData\Local\Packages\5319275A.WhatsAppDesktop_cv1g1gvanyjgm\LocalCache\EBWebView\Default\WebStorage\QuotaManager
WARNING: File path check failure for: C:\Users\Avangarde\AppData\Roaming\Pantum\pt2500\pt2500Csm.dat
WARNING: File path check failure for: C:\Users\Avangarde\.gemini\antigravity\brain\32811d22-ea56-4491-97c9-c2b605c08512\SalDefender\clamav_logs\clamd.log
WARNING: File path check failure for: C:\Users\Avangarde\AppData\Local\Packages\Microsoft.DesktopAppInstaller_8wekyb3d8bbwe\LocalState\DiagOutputDir\WinGetCOM-2026-02-17-18-10-10.568.log
WARNING: File path check failure for: C:\Users\Avangarde\AppData\Local\Google\Chrome\User Data\Profile 2\IndexedDB\chrome-extension_cfhdojbkjhnklbpkdaibdccddilifddb_0.indexeddb.leveldb\LOG
WARNING: File path check failure for: C:\Users\Avangarde\AppData\Local\Google\Chrome\User Data\Profile 2\IndexedDB\chrome-extension_cfhdojbkjhnklbpkdaibdccddilifddb_0.indexeddb.leveldb\000440.log
WARNING: File path check failure for: C:\Users\Avangarde\AppData\Local\Google\Chrome\User Data\Profile 2\IndexedDB\chrome-extension_gighmmpiobklfepjocnamgkkbiglidom_0.indexeddb.leveldb\LOG
WARNING: File path check failure for: C:\Users\Avangarde\AppData\Local\Google\Chrome\User Data\Profile 2\IndexedDB\chrome-extension_gighmmpiobklfepjocnamgkkbiglidom_0.indexeddb.leveldb\000087.log
WARNING: File path check failure for: C:\Users\Avangarde\AppData\Local\Google\Chrome\User Data\Profile 2\Network Action Predictor-journal
WARNING: File path check failure for: C:\Users\Avangarde\AppData\Local\Google\Chrome\User Data\Profile 2\Network Action Predictor
WARNING: File path check failure for: C:\Users\Avangarde\AppData\Local\Google\Chrome\User Data\Profile 2\Shortcuts-journal
WARNING: File path check failure for: C:\Users\Avangarde\AppData\Local\Google\Chrome\User Data\Profile 2\Shortcuts
WARNING: File path check failure for: C:\Users\Avangarde\AppData\Local\Google\Chrome\User Data\segmentation_platform\ukm_db-wal
WARNING: File path check failure for: C:\Users\Avangarde\AppData\Local\Google\Chrome\User Data\segmentation_platform\ukm_db
WARNING: File path check failure for: C:\Users\Avangarde\AppData\Local\Google\Chrome\User Data\Profile 2\WebStorage\QuotaManager-journal
WARNING: File path check failure for: C:\Users\Avangarde\AppData\Local\Google\Chrome\User Data\Profile 2\WebStorage\QuotaManager
WARNING: File path check failure for: C:\Users\Avangarde\AppData\Local\Google\Chrome\User Data\Profile 2\MediaDeviceSalts-journal
WARNING: File path check failure for: C:\Users\Avangarde\AppData\Local\Google\Chrome\User Data\Profile 2\MediaDeviceSalts
WARNING: File path check failure for: C:\Users\Avangarde\AppData\Local\Packages\5319275A.WhatsAppDesktop_cv1g1gvanyjgm\LocalCache\EBWebView\Default\IndexedDB\https_web.whatsapp.com_0.indexeddb.leveldb\002091.log
WARNING: File path check failure for: C:\Users\Avangarde\AppData\Local\Google\Chrome\User Data\Profile 2\History-journal
WARNING: File path check failure for: C:\Users\Avangarde\AppData\Local\Google\Chrome\User Data\Profile 2\History
WARNING: File path check failure for: C:\Users\Avangarde\AppData\Local\Google\Chrome\User Data\Profile 2\Favicons-journal
WARNING: File path check failure for: C:\Users\Avangarde\AppData\Local\Google\Chrome\User Data\Profile 2\Favicons
WARNING: File path check failure for: C:\Users\Avangarde\AppData\Local\Google\Chrome\User Data\Profile 2\Network\Reporting and NEL-journal
WARNING: File path check failure for: C:\Users\Avangarde\AppData\Local\Google\Chrome\User Data\Profile 2\Network\Reporting and NEL
WARNING: File path check failure for: C:\Users\Avangarde\AppData\Local\Packages\5319275A.WhatsAppDesktop_cv1g1gvanyjgm\LocalCache\EBWebView\Default\WebStorage\QuotaManager-journal
WARNING: File path check failure for: C:\Users\Avangarde\AppData\Local\Packages\5319275A.WhatsAppDesktop_cv1g1gvanyjgm\LocalCache\EBWebView\Default\WebStorage\QuotaManager
WARNING: File path check failure for: C:\Users\Avangarde\AppData\Local\Google\Chrome\User Data\Profile 2\IndexedDB\https_mail.google.com_0.indexeddb.leveldb\LOG
WARNING: File path check failure for: C:\Users\Avangarde\AppData\Local\Google\Chrome\User Data\Profile 2\IndexedDB\https_mail.google.com_0.indexeddb.leveldb\LOCK
WARNING: File path check failure for: C:\Users\Avangarde\AppData\Local\Google\Chrome\User Data\Profile 2\IndexedDB\https_mail.google.com_0.indexeddb.leveldb\MANIFEST-000001
WARNING: File path check failure for: C:\Users\Avangarde\AppData\Local\Google\Chrome\User Data\Profile 2\IndexedDB\https_mail.google.com_0.indexeddb.leveldb\000003.log
WARNING: File path check failure for: C:\Users\Avangarde\AppData\Local\Google\Chrome\User Data\Profile 2\IndexedDB\chrome-extension_cfhdojbkjhnklbpkdaibdccddilifddb_0.indexeddb.leveldb\LOG
WARNING: File path check failure for: C:\Users\Avangarde\.gemini\antigravity\brain\32811d22-ea56-4491-97c9-c2b605c08512\SalDefender\clamav_logs\clamd.log
WARNING: File path check failure for: C:\Users\Avangarde\AppData\Local\Google\Chrome\User Data\Profile 2\IndexedDB\chrome-extension_gighmmpiobklfepjocnamgkkbiglidom_0.indexeddb.leveldb\LOG
WARNING: File path check failure for: C:\Users\Avangarde\AppData\Local\Google\Chrome\User Data\Profile 2\IndexedDB\https_meet.google.com_0.indexeddb.leveldb\LOG
WARNING: File path check failure for: C:\Users\Avangarde\AppData\Local\Google\Chrome\User Data\Profile 2\IndexedDB\https_meet.google.com_0.indexeddb.leveldb\LOCK
WARNING: File path check failure for: C:\Users\Avangarde\AppData\Local\Google\Chrome\User Data\Profile 2\IndexedDB\https_meet.google.com_0.indexeddb.leveldb\MANIFEST-000001
WARNING: File path check failure for: C:\Users\Avangarde\AppData\Local\Google\Chrome\User Data\Profile 2\IndexedDB\https_meet.google.com_0.indexeddb.leveldb\000003.log
WARNING: File path check failure for: C:\Users\Avangarde\AppData\Local\Google\Chrome\User Data\Profile 2\Network Action Predictor-journal
WARNING: File path check failure for: C:\Users\Avangarde\AppData\Local\Google\Chrome\User Data\Profile 2\Network Action Predictor
WARNING: File path check failure for: C:\Users\Avangarde\AppData\Local\Google\Chrome\User Data\Profile 2\WebStorage\QuotaManager-journal
WARNING: File path check failure for: C:\Users\Avangarde\AppData\Local\Google\Chrome\User Data\Profile 2\WebStorage\QuotaManager
WARNING: File path check failure for: C:\Users\Avangarde\AppData\Local\Packages\5319275A.WhatsAppDesktop_cv1g1gvanyjgm\LocalCache\EBWebView\Default\IndexedDB\https_web.whatsapp.com_0.indexeddb.leveldb\002091.log
WARNING: File path check failure for: C:\Users\Avangarde\AppData\Local\Google\Chrome\User Data\Profile 2\History-journal
WARNING: File path check failure for: C:\Users\Avangarde\.gemini\antigravity\brain\32811d22-ea56-4491-97c9-c2b605c08512\SalDefender\clamav_logs\clamd.log
WARNING: File path check failure for: C:\Users\Avangarde\AppData\Local\Packages\5319275A.WhatsAppDesktop_cv1g1gvanyjgm\LocalCache\EBWebView\Default\WebStorage\QuotaManager-journal
WARNING: File path check failure for: C:\Users\Avangarde\AppData\Local\Packages\5319275A.WhatsAppDesktop_cv1g1gvanyjgm\LocalCache\EBWebView\Default\WebStorage\QuotaManager
WARNING: File path check failure for: C:\Users\Avangarde\AppData\Local\Google\Chrome\User Data\Profile 2\Network\Reporting and NEL-journal
WARNING: File path check failure for: C:\Users\Avangarde\AppData\Local\Google\Chrome\User Data\Profile 2\Network\Reporting and NEL
WARNING: File path check failure for: C:\Users\Avangarde\AppData\Local\Google\Chrome\User Data\Profile 2\IndexedDB\https_meet.google.com_0.indexeddb.leveldb\000004.log
WARNING: File path check failure for: C:\Users\Avangarde\AppData\Local\Google\Chrome\User Data\Profile 2\IndexedDB\https_meet.google.com_0.indexeddb.leveldb\MANIFEST-000001
WARNING: File path check failure for: C:\Users\Avangarde\AppData\Local\Google\Chrome\User Data\Profile 2\IndexedDB\https_meet.google.com_0.indexeddb.leveldb\LOG
WARNING: File path check failure for: C:\Users\Avangarde\AppData\Local\Google\Chrome\User Data\Profile 2\WebStorage\QuotaManager-journal
WARNING: File path check failure for: C:\Users\Avangarde\AppData\Local\Packages\5319275A.WhatsAppDesktop_cv1g1gvanyjgm\LocalCache\EBWebView\Default\IndexedDB\https_web.whatsapp.com_0.indexeddb.leveldb\002091.log
WARNING: File path check failure for: C:\Users\Avangarde\AppData\Local\Google\Chrome\User Data\Profile 2\WebStorage\QuotaManager
WARNING: File path check failure for: C:\Users\Avangarde\.gemini\antigravity\brain\32811d22-ea56-4491-97c9-c2b605c08512\SalDefender\clamav_logs\clamd.log
WARNING: File path check failure for: C:\Users\Avangarde\AppData\Local\Google\Chrome\User Data\Profile 2\IndexedDB\https_meet.google.com_0.indexeddb.leveldb\LOG
WARNING: File path check failure for: C:\Users\Avangarde\AppData\Local\Packages\5319275A.WhatsAppDesktop_cv1g1gvanyjgm\LocalCache\EBWebView\Default\WebStorage\QuotaManager-journal
WARNING: File path check failure for: C:\Users\Avangarde\AppData\Local\Packages\5319275A.WhatsAppDesktop_cv1g1gvanyjgm\LocalCache\EBWebView\Default\WebStorage\QuotaManager
WARNING: File path check failure for: C:\Users\Avangarde\AppData\Local\Packages\5319275A.WhatsAppDesktop_cv1g1gvanyjgm\LocalCache\EBWebView\Default\IndexedDB\https_web.whatsapp.com_0.indexeddb.leveldb\002091.log
WARNING: File path check failure for: C:\Users\Avangarde\AppData\Local\Google\Chrome\User Data\Profile 2\Network\Reporting and NEL-journal
WARNING: File path check failure for: C:\Users\Avangarde\AppData\Local\Google\Chrome\User Data\Profile 2\Network\Reporting and NEL
WARNING: File path check failure for: C:\Users\Avangarde\AppData\Local\Packages\5319275A.WhatsAppDesktop_cv1g1gvanyjgm\LocalCache\EBWebView\Default\IndexedDB\https_web.whatsapp.com_0.indexeddb.leveldb\002091.log
WARNING: File path check failure for: C:\Users\Avangarde\.gemini\antigravity\brain\32811d22-ea56-4491-97c9-c2b605c08512\SalDefender\clamav_logs\clamd.log
WARNING: File path check failure for: C:\Users\Avangarde\AppData\Local\Packages\5319275A.WhatsAppDesktop_cv1g1gvanyjgm\LocalCache\EBWebView\Default\IndexedDB\https_web.whatsapp.com_0.indexeddb.leveldb\002091.log
WARNING: File path check failure for: C:\Users\Avangarde\AppData\Roaming\Pantum\pt2500\pt2500Csm.dat
WARNING: File path check failure for: C:\Users\Avangarde\AppData\Local\Packages\5319275A.WhatsAppDesktop_cv1g1gvanyjgm\LocalCache\EBWebView\Default\WebStorage\QuotaManager-journal
WARNING: File path check failure for: C:\Users\Avangarde\AppData\Local\Packages\5319275A.WhatsAppDesktop_cv1g1gvanyjgm\LocalCache\EBWebView\Default\WebStorage\QuotaManager-journal
WARNING: File path check failure for: C:\Users\Avangarde\.gemini\antigravity\brain\32811d22-ea56-4491-97c9-c2b605c08512\SalDefender\clamav_logs\clamd.log
WARNING: File path check failure for: C:\Users\Avangarde\AppData\Local\Packages\5319275A.WhatsAppDesktop_cv1g1gvanyjgm\LocalCache\EBWebView\Default\WebStorage\QuotaManager
WARNING: File path check failure for: C:\Users\Avangarde\AppData\Roaming\Pantum\pt2500\pt2500Csm.dat
WARNING: File path check failure for: C:\Users\Avangarde\.gemini\antigravity\brain\32811d22-ea56-4491-97c9-c2b605c08512\SalDefender\clamav_logs\clamd.log
WARNING: File path check failure for: C:\Users\Avangarde\AppData\Local\Google\Chrome\User Data\Profile 2\IndexedDB\https_meet.google.com_0.indexeddb.leveldb\LOG
WARNING: File path check failure for: C:\Users\Avangarde\AppData\Local\Google\Chrome\User Data\Profile 2\IndexedDB\https_meet.google.com_0.indexeddb.leveldb\LOG
WARNING: File path check failure for: C:\Users\Avangarde\AppData\Local\Google\Chrome\User Data\Profile 2\IndexedDB\https_meet.google.com_0.indexeddb.leveldb\000004.log
WARNING: File path check failure for: C:\Users\Avangarde\AppData\Local\Google\Chrome\User Data\Profile 2\WebStorage\QuotaManager-journal
WARNING: File path check failure for: C:\Users\Avangarde\AppData\Local\Google\Chrome\User Data\Profile 2\WebStorage\QuotaManager
WARNING: File path check failure for: C:\Users\Avangarde\.gemini\antigravity\brain\32811d22-ea56-4491-97c9-c2b605c08512\SalDefender\clamav_logs\clamd.log
WARNING: File path check failure for: C:\Users\Avangarde\AppData\Local\Google\Chrome\User Data\Profile 2\Network\Reporting and NEL-journal
WARNING: File path check failure for: C:\Users\Avangarde\AppData\Local\Google\Chrome\User Data\Profile 2\Network\Reporting and NEL-journal
WARNING: File path check failure for: C:\Users\Avangarde\AppData\Local\Google\Chrome\User Data\Profile 2\Network\Reporting and NEL
WARNING: File path check failure for: C:\Users\Avangarde\AppData\Roaming\Pantum\pt2500\pt2500Csm.dat
WARNING: File path check failure for: C:\Users\Avangarde\.gemini\antigravity\brain\32811d22-ea56-4491-97c9-c2b605c08512\SalDefender\clamav_logs\clamd.log
WARNING: File path check failure for: C:\Users\Avangarde\AppData\Local\Packages\5319275A.WhatsAppDesktop_cv1g1gvanyjgm\LocalCache\EBWebView\Default\IndexedDB\https_web.whatsapp.com_0.indexeddb.leveldb\002091.log
WARNING: File path check failure for: C:\Users\Avangarde\AppData\Local\Temp\56c45300-d9d8-4f02-bfa0-cd013b91f566.tmp
WARNING: File path check failure for: C:\Users\Avangarde\.gemini\antigravity\brain\32811d22-ea56-4491-97c9-c2b605c08512\SalDefender\clamav_logs\clamd.log
+++ Started at Tue Feb 17 22:10:43 2026
Received 0 file descriptor(s) from systemd.
clamd daemon 1.5.1 (OS: Windows, ARCH: AMD64, CPU: AMD64)
Log file size limited to 1048576 bytes.
Reading databases from c:\Users\Avangarde\.gemini\antigravity\brain\32811d22-ea56-4491-97c9-c2b605c08512\SalDefender\clamav_db
Not loading PUA signatures.
Bytecode: Security mode set to "TrustSigned".
Loaded 3627525 signatures.
TCP: Bound to [127.0.0.1]:3310
TCP: Setting connection queue length to 50
Limits: Global time limit set to 120000 milliseconds.
Limits: Global size limit set to 157286400 bytes.
Limits: File size limit set to 104857600 bytes.
Limits: Recursion level limit set to 17.
Limits: Files limit set to 10000.
Limits: MaxEmbeddedPE limit set to 41943040 bytes.
Limits: MaxHTMLNormalize limit set to 41943040 bytes.
Limits: MaxHTMLNoTags limit set to 8388608 bytes.
Limits: MaxScriptNormalize limit set to 20971520 bytes.
Limits: MaxZipTypeRcg limit set to 1048576 bytes.
Limits: MaxPartitions limit set to 50.
Limits: MaxIconsPE limit set to 100.
Limits: MaxRecHWP3 limit set to 16.
Limits: PCREMatchLimit limit set to 100000.
Limits: PCRERecMatchLimit limit set to 2000.
Limits: PCREMaxFileSize limit set to 104857600.
Archive support enabled.
Image (graphics) scanning support enabled.
Detection using image fuzzy hash enabled.
AlertExceedsMax heuristic detection disabled.
Heuristic alerts enabled.
Portable Executable support enabled.
ELF support enabled.
Mail files support enabled.
OLE2 support enabled.
PDF support enabled.
SWF support enabled.
HTML support enabled.
XMLDOCS support enabled.
HWP3 support enabled.
OneNote support enabled.
Self checking every 600 seconds.
WARNING: File path check failure for: C:\Users\Avangarde\AppData\Local\Packages\SpotifyAB.SpotifyMusic_zpdnekdrzrea0\LocalCache\Spotify\segmentation_platform\ukm_db-wal
WARNING: File path check failure for: C:\Users\Avangarde\AppData\Local\Packages\SpotifyAB.SpotifyMusic_zpdnekdrzrea0\LocalCache\Spotify\Default\Network\Reporting and NEL-journal
WARNING: File path check failure for: C:\Users\Avangarde\AppData\Local\Packages\SpotifyAB.SpotifyMusic_zpdnekdrzrea0\LocalCache\Spotify\Default\Network\Reporting and NEL
WARNING: File path check failure for: C:\Users\Avangarde\AppData\Local\Packages\5319275A.WhatsAppDesktop_cv1g1gvanyjgm\LocalCache\EBWebView\Default\Top Sites-journal
WARNING: File path check failure for: C:\Users\Avangarde\AppData\Local\Packages\5319275A.WhatsAppDesktop_cv1g1gvanyjgm\LocalCache\EBWebView\Default\Top Sites
WARNING: File path check failure for: C:\Users\Avangarde\AppData\Local\Packages\SpotifyAB.SpotifyMusic_zpdnekdrzrea0\LocalCache\Spotify\Default\WebStorage\QuotaManager-journal
WARNING: File path check failure for: C:\Users\Avangarde\AppData\Local\Packages\SpotifyAB.SpotifyMusic_zpdnekdrzrea0\LocalCache\Spotify\Default\WebStorage\QuotaManager
WARNING: File path check failure for: C:\Users\Avangarde\AppData\Local\Packages\5319275A.WhatsAppDesktop_cv1g1gvanyjgm\LocalState\sessions\25FF3A84F3AF9BF53E3613B4BE46FC2A75E50ABB\contacts.db-wal
WARNING: File path check failure for: C:\Users\Avangarde\AppData\Local\PC Manager Store\webview2\EBWebView\Default\History-journal
WARNING: File path check failure for: C:\Users\Avangarde\AppData\Local\PC Manager Store\webview2\EBWebView\Default\History
WARNING: File path check failure for: C:\Users\Avangarde\AppData\Local\Packages\5319275A.WhatsAppDesktop_cv1g1gvanyjgm\LocalCache\EBWebView\Default\WebStorage\QuotaManager-journal
WARNING: File path check failure for: C:\Users\Avangarde\AppData\Local\Packages\5319275A.WhatsAppDesktop_cv1g1gvanyjgm\LocalCache\EBWebView\Default\WebStorage\QuotaManager
WARNING: File path check failure for: C:\Users\Avangarde\AppData\Local\Packages\5319275A.WhatsAppDesktop_cv1g1gvanyjgm\LocalCache\EBWebView\Default\Network\Reporting and NEL-journal
WARNING: File path check failure for: C:\Users\Avangarde\AppData\Local\Packages\5319275A.WhatsAppDesktop_cv1g1gvanyjgm\LocalCache\EBWebView\Default\Network\Reporting and NEL
WARNING: File path check failure for: C:\Users\Avangarde\AppData\Local\Packages\5319275A.WhatsAppDesktop_cv1g1gvanyjgm\LocalCache\EBWebView\Default\IndexedDB\https_web.whatsapp.com_0.indexeddb.leveldb\LOG
WARNING: File path check failure for: C:\Users\Avangarde\AppData\Local\Packages\MicrosoftWindows.Client.CBS_cw5n1h2txyewy\LocalState\EBWebView\Default\WebStorage\QuotaManager-journal
WARNING: File path check failure for: C:\Users\Avangarde\AppData\Local\Packages\MicrosoftWindows.Client.CBS_cw5n1h2txyewy\LocalState\EBWebView\Default\WebStorage\QuotaManager
WARNING: File path check failure for: C:\Users\Avangarde\AppData\Local\Packages\MicrosoftWindows.Client.CBS_cw5n1h2txyewy\LocalState\EBWebView\Default\Network\Reporting and NEL-journal
WARNING: File path check failure for: C:\Users\Avangarde\AppData\Local\Packages\MicrosoftWindows.Client.CBS_cw5n1h2txyewy\LocalState\EBWebView\Default\Network\Reporting and NEL
WARNING: File path check failure for: C:\Users\Avangarde\AppData\Local\PC Manager Store\webview2\EBWebView\BrowserMetrics\BrowserMetrics-6994D927-3620.pma
WARNING: File path check failure for: C:\Users\Avangarde\AppData\Local\Packages\5319275A.WhatsAppDesktop_cv1g1gvanyjgm\LocalState\sessions\25FF3A84F3AF9BF53E3613B4BE46FC2A75E50ABB\genericStorage.db-wal
WARNING: File path check failure for: C:\Users\Avangarde\AppData\Local\Packages\5319275A.WhatsAppDesktop_cv1g1gvanyjgm\LocalCache\EBWebView\Default\IndexedDB\https_web.whatsapp.com_0.indexeddb.leveldb\002144.log
WARNING: File path check failure for: C:\Users\Avangarde\AppData\Local\Packages\5319275A.WhatsAppDesktop_cv1g1gvanyjgm\LocalCache\EBWebView\Default\IndexedDB\https_web.whatsapp.com_0.indexeddb.leveldb\MANIFEST-000001
WARNING: File path check failure for: C:\Users\Avangarde\.gemini\antigravity\brain\32811d22-ea56-4491-97c9-c2b605c08512\SalDefender\clamav_logs\clamd.log
WARNING: File path check failure for: C:\Users\Avangarde\AppData\Local\Packages\5319275A.WhatsAppDesktop_cv1g1gvanyjgm\LocalCache\EBWebView\Default\IndexedDB\https_web.whatsapp.com_0.indexeddb.leveldb\LOG
WARNING: File path check failure for: C:\Users\Avangarde\AppData\Local\Temp\chromium_chrome_BITS_13964_1961846928\BITF0D4.tmp
C:\Users\Avangarde\AppData\Local\Temp\chromium_chrome_BITS_13964_1961846928\BITF0D4.tmp: Can't allocate memory ERROR
WARNING: File path check failure for: C:\Users\Avangarde\AppData\Local\Packages\5319275A.WhatsAppDesktop_cv1g1gvanyjgm\LocalCache\EBWebView\BrowserMetrics\BrowserMetrics-6994D940-3E4C.pma
WARNING: File path check failure for: C:\Users\Avangarde\AppData\Local\Packages\5319275A.WhatsAppDesktop_cv1g1gvanyjgm\LocalCache\EBWebView\Default\WebStorage\QuotaManager-journal
WARNING: File path check failure for: C:\Users\Avangarde\AppData\Local\Packages\5319275A.WhatsAppDesktop_cv1g1gvanyjgm\LocalCache\EBWebView\Default\WebStorage\QuotaManager
WARNING: File path check failure for: C:\Users\Avangarde\AppData\Local\Packages\5319275A.WhatsAppDesktop_cv1g1gvanyjgm\LocalCache\EBWebView\Default\IndexedDB\https_web.whatsapp.com_0.indexeddb.leveldb\002144.log
WARNING: File path check failure for: C:\Users\Avangarde\.gemini\antigravity\brain\32811d22-ea56-4491-97c9-c2b605c08512\SalDefender\clamav_logs\clamd.log
WARNING: File path check failure for: C:\Users\Avangarde\AppData\Local\Packages\5319275A.WhatsAppDesktop_cv1g1gvanyjgm\LocalCache\EBWebView\Default\IndexedDB\https_web.whatsapp.com_0.indexeddb.leveldb\002144.log
WARNING: File path check failure for: C:\Users\Avangarde\AppData\Roaming\Pantum\pt2500\pt2500Csm.dat
WARNING: File path check failure for: C:\Users\Avangarde\.gemini\antigravity\brain\32811d22-ea56-4491-97c9-c2b605c08512\SalDefender\clamav_logs\clamd.log
WARNING: File path check failure for: C:\Users\Avangarde\AppData\Local\Packages\5319275A.WhatsAppDesktop_cv1g1gvanyjgm\LocalCache\EBWebView\Default\WebStorage\QuotaManager-journal
WARNING: File path check failure for: C:\Users\Avangarde\AppData\Local\Packages\5319275A.WhatsAppDesktop_cv1g1gvanyjgm\LocalCache\EBWebView\Default\WebStorage\QuotaManager-journal
WARNING: File path check failure for: C:\Users\Avangarde\AppData\Local\Packages\5319275A.WhatsAppDesktop_cv1g1gvanyjgm\LocalCache\EBWebView\Default\WebStorage\QuotaManager
WARNING: File path check failure for: C:\Users\Avangarde\AppData\Local\Packages\5319275A.WhatsAppDesktop_cv1g1gvanyjgm\LocalCache\EBWebView\Default\IndexedDB\https_web.whatsapp.com_0.indexeddb.leveldb\002144.log
WARNING: File path check failure for: C:\Users\Avangarde\.gemini\antigravity\brain\32811d22-ea56-4491-97c9-c2b605c08512\SalDefender\clamav_logs\clamd.log
WARNING: File path check failure for: C:\Users\Avangarde\AppData\Local\Packages\5319275A.WhatsAppDesktop_cv1g1gvanyjgm\LocalCache\EBWebView\Default\Network\Reporting and NEL-journal
WARNING: File path check failure for: C:\Users\Avangarde\AppData\Local\Packages\5319275A.WhatsAppDesktop_cv1g1gvanyjgm\LocalCache\EBWebView\Default\Network\Reporting and NEL
WARNING: File path check failure for: C:\Users\Avangarde\AppData\LocalLow\Intel\ShaderCache\09a330b77df431063933c14fd3b6074d601f2c7602e9548b9718edc785385c4f
WARNING: File path check failure for: C:\Users\Avangarde\AppData\Local\Packages\5319275A.WhatsAppDesktop_cv1g1gvanyjgm\LocalState\sessions\25FF3A84F3AF9BF53E3613B4BE46FC2A75E50ABB\genericStorage.db-wal
WARNING: File path check failure for: C:\Users\Avangarde\AppData\Local\Packages\5319275A.WhatsAppDesktop_cv1g1gvanyjgm\LocalCache\EBWebView\Default\IndexedDB\https_web.whatsapp.com_0.indexeddb.leveldb\002144.log
WARNING: File path check failure for: C:\Users\Avangarde\AppData\Local\Packages\SpotifyAB.SpotifyMusic_zpdnekdrzrea0\LocalCache\Spotify\segmentation_platform\ukm_db-wal
WARNING: File path check failure for: C:\Users\Avangarde\AppData\LocalLow\3be8992392a827d3bfbd0e1a8454f511f9e4439e1e83718f876d93c81e27ee6b
WARNING: File path check failure for: C:\Users\Avangarde\.gemini\antigravity\brain\32811d22-ea56-4491-97c9-c2b605c08512\SalDefender\clamav_logs\clamd.log
WARNING: File path check failure for: C:\Users\Avangarde\AppData\Local\Packages\5319275A.WhatsAppDesktop_cv1g1gvanyjgm\LocalCache\EBWebView\Default\IndexedDB\https_web.whatsapp.com_0.indexeddb.leveldb\002144.log
WARNING: File path check failure for: C:\Users\Avangarde\AppData\Local\Packages\5319275A.WhatsAppDesktop_cv1g1gvanyjgm\LocalCache\EBWebView\Default\IndexedDB\https_web.whatsapp.com_0.indexeddb.leveldb\002144.log
WARNING: File path check failure for: C:\Users\Avangarde\AppData\Local\Packages\5319275A.WhatsAppDesktop_cv1g1gvanyjgm\LocalCache\EBWebView\Default\WebStorage\QuotaManager-journal
WARNING: File path check failure for: C:\Users\Avangarde\AppData\Local\Packages\5319275A.WhatsAppDesktop_cv1g1gvanyjgm\LocalCache\EBWebView\Default\WebStorage\QuotaManager-journal
WARNING: File path check failure for: C:\Users\Avangarde\AppData\Local\Packages\5319275A.WhatsAppDesktop_cv1g1gvanyjgm\LocalCache\EBWebView\Default\WebStorage\QuotaManager
WARNING: File path check failure for: C:\Users\Avangarde\.gemini\antigravity\brain\32811d22-ea56-4491-97c9-c2b605c08512\SalDefender\clamav_logs\clamd.log
WARNING: File path check failure for: C:\Users\Avangarde\AppData\Local\Packages\5319275A.WhatsAppDesktop_cv1g1gvanyjgm\LocalCache\EBWebView\Default\IndexedDB\https_web.whatsapp.com_0.indexeddb.leveldb\002144.log
WARNING: File path check failure for: C:\Users\Avangarde\AppData\Local\Microsoft\Windows\Themes\Custom.theme
WARNING: File path check failure for: C:\Users\Avangarde\.gemini\antigravity\brain\32811d22-ea56-4491-97c9-c2b605c08512\SalDefender\clamav_logs\clamd.log
WARNING: File path check failure for: C:\Users\Avangarde\AppData\Local\Packages\5319275A.WhatsAppDesktop_cv1g1gvanyjgm\LocalCache\EBWebView\Default\ExtensionActivityEdge-journal
WARNING: File path check failure for: C:\Users\Avangarde\AppData\Local\Packages\5319275A.WhatsAppDesktop_cv1g1gvanyjgm\LocalCache\EBWebView\Default\ExtensionActivityEdge
WARNING: File path check failure for: C:\Users\Avangarde\AppData\Local\Microsoft\OneDrive\logs\Common\FileCoAuth-2026-02-17.2112.3188.2.aodl
WARNING: File path check failure for: C:\Users\Avangarde\AppData\Local\Microsoft\OneDrive\logs\Common\telemetryCache.otc-wal
WARNING: File path check failure for: C:\Users\Avangarde\AppData\Local\Microsoft\OneDrive\logs\Common\telemetryCache.otc-shm
WARNING: File path check failure for: C:\Users\Avangarde\.gemini\antigravity\brain\32811d22-ea56-4491-97c9-c2b605c08512\SalDefender\clamav_logs\clamd.log
WARNING: File path check failure for: C:\Users\Avangarde\AppData\Roaming\Pantum\pt2500\pt2500Csm.dat
WARNING: File path check failure for: C:\Users\Avangarde\AppData\Roaming\Pantum\pt2500\pt2500Csm.dat
WARNING: File path check failure for: C:\Users\Avangarde\.gemini\antigravity\brain\32811d22-ea56-4491-97c9-c2b605c08512\SalDefender\clamav_logs\clamd.log
WARNING: File path check failure for: C:\Users\Avangarde\AppData\Roaming\Pantum\pt2500\pt2500Csm.dat
WARNING: File path check failure for: C:\Users\Avangarde\AppData\Roaming\Pantum\pt2500\pt2500Csm.dat
WARNING: File path check failure for: C:\Users\Avangarde\.gemini\antigravity\brain\32811d22-ea56-4491-97c9-c2b605c08512\SalDefender\clamav_logs\clamd.log
WARNING: File path check failure for: C:\Users\Avangarde\AppData\Local\Packages\5319275A.WhatsAppDesktop_cv1g1gvanyjgm\LocalCache\EBWebView\Default\WebStorage\QuotaManager-journal
WARNING: File path check failure for: C:\Users\Avangarde\AppData\Local\Packages\5319275A.WhatsAppDesktop_cv1g1gvanyjgm\LocalCache\EBWebView\Default\WebStorage\QuotaManager-journal
WARNING: File path check failure for: C:\Users\Avangarde\AppData\Local\Packages\5319275A.WhatsAppDesktop_cv1g1gvanyjgm\LocalCache\EBWebView\Default\WebStorage\QuotaManager
WARNING: File path check failure for: C:\Users\Avangarde\AppData\Local\Packages\5319275A.WhatsAppDesktop_cv1g1gvanyjgm\LocalCache\EBWebView\Default\IndexedDB\https_web.whatsapp.com_0.indexeddb.leveldb\002144.log
WARNING: File path check failure for: C:\Users\Avangarde\.gemini\antigravity\brain\32811d22-ea56-4491-97c9-c2b605c08512\SalDefender\clamav_logs\clamd.log
WARNING: File path check failure for: C:\Users\Avangarde\AppData\Local\Packages\microsoft.windowscommunicationsapps_8wekyb3d8bbwe\AC\Temp\mat-debug-6944.log
WARNING: File path check failure for: C:\Users\Avangarde\AppData\Local\Packages\microsoft.windowscommunicationsapps_8wekyb3d8bbwe\LocalState\HxCommAlwaysOnLog.etl
WARNING: File path check failure for: C:\Users\Avangarde\AppData\Roaming\Pantum\pt2500\pt2500Csm.dat
WARNING: File path check failure for: C:\Users\Avangarde\.gemini\antigravity\brain\32811d22-ea56-4491-97c9-c2b605c08512\SalDefender\clamav_logs\clamd.log
WARNING: File path check failure for: C:\Users\Avangarde\.gemini\antigravity\brain\32811d22-ea56-4491-97c9-c2b605c08512\SalDefender\clamav_logs\clamd.log
WARNING: File path check failure for: C:\Users\Avangarde\AppData\Roaming\Pantum\pt2500\pt2500Csm.dat
WARNING: File path check failure for: C:\Users\Avangarde\AppData\Local\Packages\5319275A.WhatsAppDesktop_cv1g1gvanyjgm\LocalCache\EBWebView\Default\IndexedDB\https_web.whatsapp.com_0.indexeddb.leveldb\002144.log
WARNING: File path check failure for: C:\Users\Avangarde\.gemini\antigravity\brain\32811d22-ea56-4491-97c9-c2b605c08512\SalDefender\clamav_logs\clamd.log
WARNING: File path check failure for: C:\Users\Avangarde\AppData\Roaming\Pantum\pt2500\pt2500Csm.dat
WARNING: File path check failure for: C:\Users\Avangarde\AppData\Local\Packages\5319275A.WhatsAppDesktop_cv1g1gvanyjgm\LocalCache\EBWebView\Default\IndexedDB\https_web.whatsapp.com_0.indexeddb.leveldb\002144.log
WARNING: File path check failure for: C:\Users\Avangarde\AppData\Local\Packages\5319275A.WhatsAppDesktop_cv1g1gvanyjgm\LocalCache\EBWebView\Default\WebStorage\QuotaManager-journal
WARNING: File path check failure for: C:\Users\Avangarde\AppData\Local\Packages\5319275A.WhatsAppDesktop_cv1g1gvanyjgm\LocalCache\EBWebView\Default\WebStorage\QuotaManager
WARNING: File path check failure for: C:\Users\Avangarde\.gemini\antigravity\brain\32811d22-ea56-4491-97c9-c2b605c08512\SalDefender\clamav_logs\clamd.log
WARNING: File path check failure for: C:\Users\Avangarde\AppData\Local\Packages\5319275A.WhatsAppDesktop_cv1g1gvanyjgm\LocalCache\EBWebView\Default\IndexedDB\https_web.whatsapp.com_0.indexeddb.leveldb\002144.log
WARNING: File path check failure for: C:\Users\Avangarde\AppData\Local\Packages\5319275A.WhatsAppDesktop_cv1g1gvanyjgm\LocalState\sessions\25FF3A84F3AF9BF53E3613B4BE46FC2A75E50ABB\mediaDownloads.db-shm
WARNING: File path check failure for: C:\Users\Avangarde\AppData\Local\Packages\5319275A.WhatsAppDesktop_cv1g1gvanyjgm\LocalState\sessions\25FF3A84F3AF9BF53E3613B4BE46FC2A75E50ABB\mediaDownloads.db-shm
WARNING: File path check failure for: C:\Users\Avangarde\AppData\Local\Packages\5319275A.WhatsAppDesktop_cv1g1gvanyjgm\LocalCache\EBWebView\Default\IndexedDB\https_web.whatsapp.com_0.indexeddb.leveldb\002144.log
WARNING: File path check failure for: C:\Users\Avangarde\.gemini\antigravity\brain\32811d22-ea56-4491-97c9-c2b605c08512\SalDefender\clamav_logs\clamd.log
WARNING: File path check failure for: C:\Users\Avangarde\AppData\Local\Packages\5319275A.WhatsAppDesktop_cv1g1gvanyjgm\LocalCache\EBWebView\Default\IndexedDB\https_web.whatsapp.com_0.indexeddb.leveldb\002144.log
WARNING: File path check failure for: C:\Users\Avangarde\AppData\Local\Packages\5319275A.WhatsAppDesktop_cv1g1gvanyjgm\LocalCache\EBWebView\Default\Network\Reporting and NEL-journal
WARNING: File path check failure for: C:\Users\Avangarde\AppData\Local\Packages\5319275A.WhatsAppDesktop_cv1g1gvanyjgm\LocalCache\EBWebView\Default\Network\Reporting and NEL
WARNING: File path check failure for: C:\Users\Avangarde\.gemini\antigravity\brain\32811d22-ea56-4491-97c9-c2b605c08512\SalDefender\clamav_logs\clamd.log
WARNING: File path check failure for: C:\Users\Avangarde\.gemini\antigravity\brain\32811d22-ea56-4491-97c9-c2b605c08512\SalDefender\clamav_logs\clamd.log
WARNING: File path check failure for: C:\Users\Avangarde\AppData\Local\Packages\5319275A.WhatsAppDesktop_cv1g1gvanyjgm\LocalCache\EBWebView\Default\WebStorage\QuotaManager-journal
WARNING: File path check failure for: C:\Users\Avangarde\AppData\Local\Packages\5319275A.WhatsAppDesktop_cv1g1gvanyjgm\LocalCache\EBWebView\Default\WebStorage\QuotaManager-journal
WARNING: File path check failure for: C:\Users\Avangarde\AppData\Local\Packages\5319275A.WhatsAppDesktop_cv1g1gvanyjgm\LocalCache\EBWebView\Default\WebStorage\QuotaManager
WARNING: File path check failure for: C:\Users\Avangarde\AppData\Roaming\Pantum\pt2500\pt2500Csm.dat
WARNING: File path check failure for: C:\Users\Avangarde\.gemini\antigravity\brain\32811d22-ea56-4491-97c9-c2b605c08512\SalDefender\clamav_logs\clamd.log
WARNING: File path check failure for: C:\Users\Avangarde\AppData\Local\Packages\5319275A.WhatsAppDesktop_cv1g1gvanyjgm\LocalCache\EBWebView\Default\IndexedDB\https_web.whatsapp.com_0.indexeddb.leveldb\002144.log
WARNING: File path check failure for: C:\Users\Avangarde\AppData\Roaming\Pantum\pt2500\pt2500Csm.dat
WARNING: File path check failure for: C:\Users\Avangarde\.gemini\antigravity\brain\32811d22-ea56-4491-97c9-c2b605c08512\SalDefender\clamav_logs\clamd.log
WARNING: File path check failure for: C:\Users\Avangarde\AppData\Local\Packages\Microsoft.Todos_8wekyb3d8bbwe\LocalState\AccountsRoot\9a7a1015f3ab4ec3a5cecd5faa8121fc\todosqlite.db-wal
WARNING: File path check failure for: C:\Users\Avangarde\AppData\Local\Packages\Microsoft.Todos_8wekyb3d8bbwe\LocalState\AccountsRoot\9a7a1015f3ab4ec3a5cecd5faa8121fc\todosqlite.db
WARNING: File path check failure for: C:\Users\Avangarde\AppData\Local\Packages\Microsoft.Todos_8wekyb3d8bbwe\LocalState\AccountsRoot\9a7a1015f3ab4ec3a5cecd5faa8121fc\todosqlite.db-wal
WARNING: File path check failure on: C:\Users\Avangarde\AppData\Local\Packages\Microsoft.Todos_8wekyb3d8bbwe\LocalState\AccountsRoot\9a7a1015f3ab4ec3a5cecd5faa8121fc\todosqlite.db-wal
WARNING: File path check failure for: C:\Users\Avangarde\AppData\Local\Packages\Microsoft.Todos_8wekyb3d8bbwe\LocalState\AccountsRoot\9a7a1015f3ab4ec3a5cecd5faa8121fc\todosqlite.db
WARNING: File path check failure for: C:\Users\Avangarde\.gemini\antigravity\brain\32811d22-ea56-4491-97c9-c2b605c08512\SalDefender\clamav_logs\clamd.log
WARNING: File path check failure for: C:\Users\Avangarde\AppData\Roaming\Pantum\pt2500\pt2500Csm.dat
WARNING: File path check failure for: C:\Users\Avangarde\AppData\Roaming\Pantum\pt2500\pt2500Csm.dat
WARNING: File path check failure for: C:\Users\Avangarde\.gemini\antigravity\brain\32811d22-ea56-4491-97c9-c2b605c08512\SalDefender\clamav_logs\clamd.log
WARNING: File path check failure for: C:\Users\Avangarde\AppData\Local\Packages\5319275A.WhatsAppDesktop_cv1g1gvanyjgm\LocalCache\EBWebView\Default\WebStorage\QuotaManager-journal
WARNING: File path check failure for: C:\Users\Avangarde\AppData\Local\Packages\5319275A.WhatsAppDesktop_cv1g1gvanyjgm\LocalCache\EBWebView\Default\WebStorage\QuotaManager-journal
WARNING: File path check failure for: C:\Users\Avangarde\AppData\Local\Packages\5319275A.WhatsAppDesktop_cv1g1gvanyjgm\LocalCache\EBWebView\Default\WebStorage\QuotaManager
WARNING: File path check failure for: C:\Users\Avangarde\AppData\Roaming\Pantum\pt2500\pt2500Csm.dat
WARNING: File path check failure for: C:\Users\Avangarde\.gemini\antigravity\brain\32811d22-ea56-4491-97c9-c2b605c08512\SalDefender\clamav_logs\clamd.log
WARNING: File path check failure for: C:\Users\Avangarde\AppData\Local\Packages\5319275A.WhatsAppDesktop_cv1g1gvanyjgm\LocalCache\EBWebView\Default\IndexedDB\https_web.whatsapp.com_0.indexeddb.leveldb\002144.log
WARNING: File path check failure for: C:\Users\Avangarde\AppData\Roaming\Pantum\pt2500\pt2500Csm.dat
WARNING: File path check failure for: C:\Users\Avangarde\.gemini\antigravity\brain\32811d22-ea56-4491-97c9-c2b605c08512\SalDefender\clamav_logs\clamd.log
WARNING: File path check failure for: C:\Users\Avangarde\AppData\Local\Packages\Microsoft.Todos_8wekyb3d8bbwe\AC\GEH\POF.dat
WARNING: File path check failure for: C:\Users\Avangarde\AppData\Roaming\Pantum\pt2500\pt2500Csm.dat
WARNING: File path check failure for: C:\Users\Avangarde\.gemini\antigravity\brain\32811d22-ea56-4491-97c9-c2b605c08512\SalDefender\clamav_logs\clamd.log
WARNING: File path check failure for: C:\Users\Avangarde\AppData\Local\Packages\5319275A.WhatsAppDesktop_cv1g1gvanyjgm\LocalCache\EBWebView\Default\WebStorage\QuotaManager-journal
WARNING: File path check failure for: C:\Users\Avangarde\AppData\Local\Packages\5319275A.WhatsAppDesktop_cv1g1gvanyjgm\LocalCache\EBWebView\Default\WebStorage\QuotaManager-journal
WARNING: File path check failure for: C:\Users\Avangarde\AppData\Local\Packages\5319275A.WhatsAppDesktop_cv1g1gvanyjgm\LocalCache\EBWebView\Default\WebStorage\QuotaManager
WARNING: File path check failure for: C:\Users\Avangarde\AppData\Roaming\Pantum\pt2500\pt2500Csm.dat
WARNING: File path check failure for: C:\Users\Avangarde\.gemini\antigravity\brain\32811d22-ea56-4491-97c9-c2b605c08512\SalDefender\clamav_logs\clamd.log
WARNING: File path check failure for: C:\Users\Avangarde\AppData\Local\Packages\5319275A.WhatsAppDesktop_cv1g1gvanyjgm\LocalCache\EBWebView\Default\IndexedDB\https_web.whatsapp.com_0.indexeddb.leveldb\002144.log
WARNING: File path check failure for: C:\Users\Avangarde\AppData\Roaming\Pantum\pt2500\pt2500Csm.dat
WARNING: File path check failure for: C:\Users\Avangarde\.gemini\antigravity\brain\32811d22-ea56-4491-97c9-c2b605c08512\SalDefender\clamav_logs\clamd.log
WARNING: File path check failure for: C:\Users\Avangarde\AppData\Local\PC Manager Store\webview2\EBWebView\Default\History-journal
WARNING: File path check failure for: C:\Users\Avangarde\AppData\Local\PC Manager Store\webview2\EBWebView\Default\History
WARNING: File path check failure for: C:\Users\Avangarde\AppData\Local\Packages\5319275A.WhatsAppDesktop_cv1g1gvanyjgm\LocalState\sessions\25FF3A84F3AF9BF53E3613B4BE46FC2A75E50ABB\genericStorage.db-wal
WARNING: File path check failure for: C:\Users\Avangarde\.gemini\antigravity\brain\32811d22-ea56-4491-97c9-c2b605c08512\SalDefender\clamav_logs\clamd.log
WARNING: File path check failure for: C:\Users\Avangarde\AppData\Local\Packages\5319275A.WhatsAppDesktop_cv1g1gvanyjgm\LocalState\sessions\25FF3A84F3AF9BF53E3613B4BE46FC2A75E50ABB\genericStorage.db-wal
WARNING: File path check failure for: C:\Users\Avangarde\AppData\Local\Packages\5319275A.WhatsAppDesktop_cv1g1gvanyjgm\LocalState\sessions\25FF3A84F3AF9BF53E3613B4BE46FC2A75E50ABB\genericStorage.db-wal
WARNING: File path check failure for: C:\Users\Avangarde\.gemini\antigravity\brain\32811d22-ea56-4491-97c9-c2b605c08512\SalDefender\clamav_logs\clamd.log
WARNING: File path check failure for: C:\Users\Avangarde\AppData\Local\Packages\5319275A.WhatsAppDesktop_cv1g1gvanyjgm\LocalState\sessions\25FF3A84F3AF9BF53E3613B4BE46FC2A75E50ABB\genericStorage.db-wal
WARNING: File path check failure for: C:\Users\Avangarde\AppData\Local\Packages\5319275A.WhatsAppDesktop_cv1g1gvanyjgm\LocalState\sessions\25FF3A84F3AF9BF53E3613B4BE46FC2A75E50ABB\genericStorage.db-wal
WARNING: File path check failure for: C:\Users\Avangarde\AppData\Local\Packages\5319275A.WhatsAppDesktop_cv1g1gvanyjgm\LocalState\sessions\25FF3A84F3AF9BF53E3613B4BE46FC2A75E50ABB\genericStorage.db-wal
WARNING: File path check failure for: C:\Users\Avangarde\.gemini\antigravity\brain\32811d22-ea56-4491-97c9-c2b605c08512\SalDefender\clamav_logs\clamd.log
WARNING: File path check failure for: C:\Users\Avangarde\AppData\Local\Temp\{492c9a0c-f72d-45b5-b5a6-da09d139092b}.png
WARNING: File path check failure on: C:\Users\Avangarde\AppData\Local\Temp\{492c9a0c-f72d-45b5-b5a6-da09d139092b}.png
WARNING: File path check failure for: C:\Users\Avangarde\AppData\Local\Packages\5319275A.WhatsAppDesktop_cv1g1gvanyjgm\LocalCache\EBWebView\Default\WebStorage\QuotaManager-journal
WARNING: File path check failure for: C:\Users\Avangarde\AppData\Local\Packages\5319275A.WhatsAppDesktop_cv1g1gvanyjgm\LocalCache\EBWebView\Default\WebStorage\QuotaManager
WARNING: File path check failure for: C:\Users\Avangarde\AppData\Local\PC Manager Store\webview2\EBWebView\Default\Network Action Predictor-journal
WARNING: File path check failure for: C:\Users\Avangarde\AppData\Local\PC Manager Store\webview2\EBWebView\Default\Network Action Predictor-journal
WARNING: File path check failure for: C:\Users\Avangarde\AppData\Local\PC Manager Store\webview2\EBWebView\Default\Network Action Predictor
WARNING: File path check failure for: C:\Users\Avangarde\.gemini\antigravity\brain\32811d22-ea56-4491-97c9-c2b605c08512\SalDefender\clamav_logs\clamd.log
WARNING: File path check failure for: C:\Users\Avangarde\AppData\Local\Packages\5319275A.WhatsAppDesktop_cv1g1gvanyjgm\LocalCache\EBWebView\Default\IndexedDB\https_web.whatsapp.com_0.indexeddb.leveldb\002144.log
WARNING: File path check failure for: C:\Users\Avangarde\AppData\Local\Packages\5319275A.WhatsAppDesktop_cv1g1gvanyjgm\LocalCache\EBWebView\Default\IndexedDB\https_web.whatsapp.com_0.indexeddb.leveldb\002144.log
WARNING: File path check failure for: C:\Users\Avangarde\.gemini\antigravity\brain\32811d22-ea56-4491-97c9-c2b605c08512\SalDefender\clamav_logs\clamd.log
WARNING: File path check failure for: C:\Users\Avangarde\AppData\Roaming\Pantum\pt2500\pt2500Csm.dat
WARNING: File path check failure for: C:\Users\Avangarde\AppData\Local\Packages\5319275A.WhatsAppDesktop_cv1g1gvanyjgm\LocalCache\EBWebView\Default\IndexedDB\https_web.whatsapp.com_0.indexeddb.leveldb\002144.log
WARNING: File path check failure for: C:\Users\Avangarde\.gemini\antigravity\brain\32811d22-ea56-4491-97c9-c2b605c08512\SalDefender\clamav_logs\clamd.log
WARNING: File path check failure for: C:\Users\Avangarde\AppData\Local\Packages\5319275A.WhatsAppDesktop_cv1g1gvanyjgm\LocalCache\EBWebView\Default\IndexedDB\https_web.whatsapp.com_0.indexeddb.leveldb\002144.log
WARNING: File path check failure for: C:\Users\Avangarde\AppData\Roaming\Pantum\pt2500\pt2500Csm.dat
WARNING: File path check failure for: C:\Users\Avangarde\.gemini\antigravity\brain\32811d22-ea56-4491-97c9-c2b605c08512\SalDefender\clamav_logs\clamd.log
WARNING: File path check failure for: C:\Users\Avangarde\.gemini\antigravity\brain\32811d22-ea56-4491-97c9-c2b605c08512\SalDefender\clamav_logs\clamd.log
WARNING: File path check failure for: C:\Users\Avangarde\AppData\Local\Packages\5319275A.WhatsAppDesktop_cv1g1gvanyjgm\LocalCache\EBWebView\Default\IndexedDB\https_web.whatsapp.com_0.indexeddb.leveldb\002144.log
WARNING: File path check failure for: C:\Users\Avangarde\AppData\Roaming\Pantum\pt2500\pt2500Csm.dat
WARNING: File path check failure for: C:\Users\Avangarde\.gemini\antigravity\brain\32811d22-ea56-4491-97c9-c2b605c08512\SalDefender\clamav_logs\clamd.log
WARNING: File path check failure for: C:\Users\Avangarde\AppData\Local\Packages\5319275A.WhatsAppDesktop_cv1g1gvanyjgm\LocalCache\EBWebView\Default\WebStorage\QuotaManager-journal
WARNING: File path check failure for: C:\Users\Avangarde\AppData\Local\Packages\5319275A.WhatsAppDesktop_cv1g1gvanyjgm\LocalCache\EBWebView\Default\WebStorage\QuotaManager
WARNING: File path check failure for: C:\Users\Avangarde\AppData\Local\Packages\5319275A.WhatsAppDesktop_cv1g1gvanyjgm\LocalCache\EBWebView\Default\IndexedDB\https_web.whatsapp.com_0.indexeddb.leveldb\002144.log
WARNING: File path check failure for: C:\Users\Avangarde\AppData\Local\Packages\5319275A.WhatsAppDesktop_cv1g1gvanyjgm\LocalCache\EBWebView\Default\IndexedDB\https_web.whatsapp.com_0.indexeddb.leveldb\002144.log
WARNING: File path check failure for: C:\Users\Avangarde\AppData\Local\Packages\5319275A.WhatsAppDesktop_cv1g1gvanyjgm\LocalCache\EBWebView\Default\IndexedDB\https_web.whatsapp.com_0.indexeddb.leveldb\002144.log
WARNING: File path check failure for: C:\Users\Avangarde\.gemini\antigravity\brain\32811d22-ea56-4491-97c9-c2b605c08512\SalDefender\clamav_logs\clamd.log
+++ Started at Tue Feb 17 22:27:02 2026
Received 0 file descriptor(s) from systemd.
clamd daemon 1.5.1 (OS: Windows, ARCH: AMD64, CPU: AMD64)
Log file size limited to 1048576 bytes.
Reading databases from c:\Users\Avangarde\.gemini\antigravity\brain\32811d22-ea56-4491-97c9-c2b605c08512\SalDefender\clamav_db
Not loading PUA signatures.
Bytecode: Security mode set to "TrustSigned".
Loaded 3627525 signatures.
TCP: Bound to [127.0.0.1]:3310
TCP: Setting connection queue length to 50
Limits: Global time limit set to 120000 milliseconds.
Limits: Global size limit set to 157286400 bytes.
Limits: File size limit set to 104857600 bytes.
Limits: Recursion level limit set to 17.
Limits: Files limit set to 10000.
Limits: MaxEmbeddedPE limit set to 41943040 bytes.
Limits: MaxHTMLNormalize limit set to 41943040 bytes.
Limits: MaxHTMLNoTags limit set to 8388608 bytes.
Limits: MaxScriptNormalize limit set to 20971520 bytes.
Limits: MaxZipTypeRcg limit set to 1048576 bytes.
Limits: MaxPartitions limit set to 50.
Limits: MaxIconsPE limit set to 100.
Limits: MaxRecHWP3 limit set to 16.
Limits: PCREMatchLimit limit set to 100000.
Limits: PCRERecMatchLimit limit set to 2000.
Limits: PCREMaxFileSize limit set to 104857600.
Archive support enabled.
Image (graphics) scanning support enabled.
Detection using image fuzzy hash enabled.
AlertExceedsMax heuristic detection disabled.
Heuristic alerts enabled.
Portable Executable support enabled.
ELF support enabled.
Mail files support enabled.
OLE2 support enabled.
PDF support enabled.
SWF support enabled.
HTML support enabled.
XMLDOCS support enabled.
HWP3 support enabled.
OneNote support enabled.
Self checking every 600 seconds.
WARNING: File path check failure for: C:\Users\Avangarde\AppData\Local\Google\Chrome\User Data\Profile 2\WebStorage\QuotaManager
WARNING: File path check failure for: C:\Users\Avangarde\.gemini\antigravity\brain\32811d22-ea56-4491-97c9-c2b605c08512\SalDefender\clamav_logs\clamd.log
WARNING: File path check failure for: C:\Users\Avangarde\AppData\Local\Packages\5319275A.WhatsAppDesktop_cv1g1gvanyjgm\LocalCache\EBWebView\Default\WebStorage\QuotaManager-journal
WARNING: File path check failure for: C:\Users\Avangarde\AppData\Local\Packages\5319275A.WhatsAppDesktop_cv1g1gvanyjgm\LocalCache\EBWebView\Default\WebStorage\QuotaManager
WARNING: File path check failure for: C:\DumpStack.log
WARNING: File path check failure for: C:\DumpStack.log.tmp
WARNING: File path check failure on: C:\DumpStack.log.tmp
WARNING: File path check failure for: C:\pagefile.sys
WARNING: File path check failure on: C:\pagefile.sys
WARNING: File path check failure for: C:\swapfile.sys
WARNING: File path check failure on: C:\swapfile.sys
WARNING: File path check failure for: C:\Users\Avangarde\AppData\Local\Packages\5319275A.WhatsAppDesktop_cv1g1gvanyjgm\LocalCache\EBWebView\Default\IndexedDB\https_web.whatsapp.com_0.indexeddb.leveldb\002144.log
+++ Started at Tue Feb 17 22:34:19 2026
Received 0 file descriptor(s) from systemd.
clamd daemon 1.5.1 (OS: Windows, ARCH: AMD64, CPU: AMD64)
Log file size limited to 1048576 bytes.
Reading databases from c:\Users\Avangarde\.gemini\antigravity\brain\32811d22-ea56-4491-97c9-c2b605c08512\SalDefender\clamav_db
Not loading PUA signatures.
Bytecode: Security mode set to "TrustSigned".
Loaded 3627525 signatures.
TCP: Bound to [127.0.0.1]:3310
TCP: Setting connection queue length to 50
Limits: Global time limit set to 120000 milliseconds.
Limits: Global size limit set to 157286400 bytes.
Limits: File size limit set to 104857600 bytes.
Limits: Recursion level limit set to 17.
Limits: Files limit set to 10000.
Limits: MaxEmbeddedPE limit set to 41943040 bytes.
Limits: MaxHTMLNormalize limit set to 41943040 bytes.
Limits: MaxHTMLNoTags limit set to 8388608 bytes.
Limits: MaxScriptNormalize limit set to 20971520 bytes.
Limits: MaxZipTypeRcg limit set to 1048576 bytes.
Limits: MaxPartitions limit set to 50.
Limits: MaxIconsPE limit set to 100.
Limits: MaxRecHWP3 limit set to 16.
Limits: PCREMatchLimit limit set to 100000.
Limits: PCRERecMatchLimit limit set to 2000.
Limits: PCREMaxFileSize limit set to 104857600.
Archive support enabled.
Image (graphics) scanning support enabled.
Detection using image fuzzy hash enabled.
AlertExceedsMax heuristic detection disabled.
Heuristic alerts enabled.
Portable Executable support enabled.
ELF support enabled.
Mail files support enabled.
OLE2 support enabled.
PDF support enabled.
SWF support enabled.
HTML support enabled.
XMLDOCS support enabled.
HWP3 support enabled.
OneNote support enabled.
Self checking every 600 seconds.
WARNING: File path check failure for: C:\Users\Avangarde\.gemini\antigravity\brain\32811d22-ea56-4491-97c9-c2b605c08512\SalDefender\clamav_logs\clamd.log
WARNING: File path check failure for: C:\Users\Avangarde\AppData\Local\Packages\5319275A.WhatsAppDesktop_cv1g1gvanyjgm\LocalCache\EBWebView\Default\IndexedDB\https_web.whatsapp.com_0.indexeddb.leveldb\002162.log
WARNING: File path check failure for: C:\Users\Avangarde\AppData\Local\Packages\5319275A.WhatsAppDesktop_cv1g1gvanyjgm\LocalCache\EBWebView\Default\WebStorage\QuotaManager-journal
WARNING: File path check failure for: C:\Users\Avangarde\AppData\Local\Packages\5319275A.WhatsAppDesktop_cv1g1gvanyjgm\LocalCache\EBWebView\Default\WebStorage\QuotaManager
WARNING: File path check failure for: C:\Users\Avangarde\AppData\Local\Packages\5319275A.WhatsAppDesktop_cv1g1gvanyjgm\LocalCache\EBWebView\Default\IndexedDB\https_web.whatsapp.com_0.indexeddb.leveldb\002162.log
WARNING: File path check failure for: C:\Users\Avangarde\AppData\Local\Google\Chrome\User Data\Profile 2\WebStorage\QuotaManager-journal
WARNING: File path check failure for: C:\Users\Avangarde\AppData\Local\Google\Chrome\User Data\Profile 2\WebStorage\QuotaManager
WARNING: File path check failure for: C:\Users\Avangarde\AppData\Roaming\Code\User\globalStorage\state.vscdb
WARNING: File path check failure for: C:\Users\Avangarde\.gemini\antigravity\brain\32811d22-ea56-4491-97c9-c2b605c08512\SalDefender\clamav_logs\clamd.log
WARNING: File path check failure for: C:\Users\Avangarde\AppData\Local\Packages\5319275A.WhatsAppDesktop_cv1g1gvanyjgm\LocalCache\EBWebView\Default\IndexedDB\https_web.whatsapp.com_0.indexeddb.leveldb\002162.log
WARNING: File path check failure for: C:\Users\Avangarde\AppData\Local\Packages\5319275A.WhatsAppDesktop_cv1g1gvanyjgm\LocalCache\EBWebView\Default\WebStorage\QuotaManager-journal
WARNING: File path check failure for: C:\Users\Avangarde\AppData\Local\Packages\5319275A.WhatsAppDesktop_cv1g1gvanyjgm\LocalCache\EBWebView\Default\WebStorage\QuotaManager
WARNING: File path check failure for: C:\Users\Avangarde\AppData\Roaming\Code\User\workspaceStorage\1cb13111a2b0b02639b8e400df46dbf5\state.vscdb
WARNING: File path check failure for: C:\Users\Avangarde\AppData\Roaming\Code\User\globalStorage\state.vscdb
WARNING: File path check failure for: C:\Users\Avangarde\.gemini\antigravity\brain\32811d22-ea56-4491-97c9-c2b605c08512\SalDefender\clamav_logs\clamd.log
WARNING: File path check failure for: C:\Users\Avangarde\AppData\Local\Packages\5319275A.WhatsAppDesktop_cv1g1gvanyjgm\LocalCache\EBWebView\Default\IndexedDB\https_web.whatsapp.com_0.indexeddb.leveldb\002162.log
WARNING: File path check failure for: C:\Users\Avangarde\AppData\Local\Packages\5319275A.WhatsAppDesktop_cv1g1gvanyjgm\LocalCache\EBWebView\Default\IndexedDB\https_web.whatsapp.com_0.indexeddb.leveldb\002162.log
WARNING: File path check failure for: C:\Users\Avangarde\AppData\Roaming\Code\User\globalStorage\state.vscdb
WARNING: File path check failure for: C:\Users\Avangarde\AppData\Local\Packages\5319275A.WhatsAppDesktop_cv1g1gvanyjgm\LocalCache\EBWebView\Default\IndexedDB\https_web.whatsapp.com_0.indexeddb.leveldb\002162.log
WARNING: File path check failure for: C:\Users\Avangarde\AppData\Local\Packages\5319275A.WhatsAppDesktop_cv1g1gvanyjgm\LocalCache\EBWebView\Default\IndexedDB\https_web.whatsapp.com_0.indexeddb.leveldb\002162.log
WARNING: File path check failure for: C:\Users\Avangarde\.gemini\antigravity\brain\32811d22-ea56-4491-97c9-c2b605c08512\SalDefender\MainForm.cs
WARNING: File path check failure for: C:\Users\Avangarde\AppData\Roaming\Code\User\workspaceStorage\1cb13111a2b0b02639b8e400df46dbf5\state.vscdb
WARNING: File path check failure for: C:\Users\Avangarde\.gemini\antigravity\brain\32811d22-ea56-4491-97c9-c2b605c08512\SalDefender\clamav_logs\clamd.log
WARNING: File path check failure for: C:\Users\Avangarde\AppData\Local\Packages\5319275A.WhatsAppDesktop_cv1g1gvanyjgm\LocalCache\EBWebView\Default\IndexedDB\https_web.whatsapp.com_0.indexeddb.leveldb\002162.log
WARNING: File path check failure for: C:\Users\Avangarde\AppData\Roaming\Code\User\workspaceStorage\1cb13111a2b0b02639b8e400df46dbf5\state.vscdb
WARNING: File path check failure for: C:\Users\Avangarde\.gemini\antigravity\brain\32811d22-ea56-4491-97c9-c2b605c08512\SalDefender\clamav_logs\clamd.log
WARNING: File path check failure for: C:\Users\Avangarde\AppData\Local\Packages\5319275A.WhatsAppDesktop_cv1g1gvanyjgm\LocalCache\EBWebView\Default\WebStorage\QuotaManager-journal
C:\Users\Avangarde\AppData\Local\Packages\5319275A.WhatsAppDesktop_cv1g1gvanyjgm\LocalCache\EBWebView\Default\WebStorage\QuotaManager-journal: Can't allocate memory ERROR
WARNING: File path check failure for: C:\Users\Avangarde\AppData\Local\Packages\5319275A.WhatsAppDesktop_cv1g1gvanyjgm\LocalCache\EBWebView\Default\WebStorage\QuotaManager-journal
WARNING: File path check failure for: C:\Users\Avangarde\AppData\Local\Packages\5319275A.WhatsAppDesktop_cv1g1gvanyjgm\LocalCache\EBWebView\Default\WebStorage\QuotaManager
WARNING: File path check failure for: C:\Users\Avangarde\AppData\Roaming\Code\User\workspaceStorage\1cb13111a2b0b02639b8e400df46dbf5\state.vscdb
WARNING: File path check failure for: C:\Users\Avangarde\AppData\Roaming\Pantum\pt2500\pt2500Csm.dat
WARNING: File path check failure for: C:\Users\Avangarde\.gemini\antigravity\brain\32811d22-ea56-4491-97c9-c2b605c08512\SalDefender\clamav_logs\clamd.log
WARNING: File path check failure for: C:\Users\Avangarde\AppData\Roaming\Code\User\globalStorage\state.vscdb
WARNING: File path check failure for: C:\Users\Avangarde\.gemini\antigravity\brain\32811d22-ea56-4491-97c9-c2b605c08512\SalDefender\clamav_logs\clamd.log
WARNING: File path check failure for: C:\Users\Avangarde\AppData\Roaming\Code\User\workspaceStorage\1cb13111a2b0b02639b8e400df46dbf5\state.vscdb
WARNING: File path check failure for: C:\Users\Avangarde\AppData\Roaming\Pantum\pt2500\pt2500Csm.dat
WARNING: File path check failure for: C:\Users\Avangarde\.gemini\antigravity\brain\32811d22-ea56-4491-97c9-c2b605c08512\SalDefender\clamav_logs\clamd.log
D:\Certificato polizza PRP614068891 Nov 2025 (1).pdf: Can't unlink file ERROR
WARNING: File path check failure for: C:\Users\Avangarde\AppData\Local\Temp\pdf-tmp.c63081a23c\pdf obj 8 0
WARNING: File path check failure on: C:\Users\Avangarde\AppData\Local\Temp\pdf-tmp.c63081a23c\pdf obj 8 0
WARNING: File path check failure for: C:\Users\Avangarde\AppData\Local\Temp\pdf-tmp.a7c50b7bee\pdf obj 4 0
D:\contratto_firmato (1).pdf: Can't unlink file ERROR
WARNING: File path check failure for: C:\DumpStack.log
WARNING: File path check failure for: C:\DumpStack.log.tmp
WARNING: File path check failure on: C:\DumpStack.log.tmp
WARNING: File path check failure for: C:\pagefile.sys
WARNING: File path check failure on: C:\pagefile.sys
WARNING: File path check failure for: C:\swapfile.sys
WARNING: File path check failure on: C:\swapfile.sys
WARNING: File path check failure for: C:\Users\Avangarde\AppData\Local\Packages\5319275A.WhatsAppDesktop_cv1g1gvanyjgm\LocalCache\EBWebView\Default\IndexedDB\https_web.whatsapp.com_0.indexeddb.leveldb\002162.log
WARNING: File path check failure for: C:\Users\Avangarde\AppData\Local\Packages\5319275A.WhatsAppDesktop_cv1g1gvanyjgm\LocalCache\EBWebView\Default\WebStorage\QuotaManager-journal
WARNING: File path check failure for: C:\Users\Avangarde\AppData\Local\Packages\5319275A.WhatsAppDesktop_cv1g1gvanyjgm\LocalCache\EBWebView\Default\WebStorage\QuotaManager
